case,gt_q_d_n,mu_q_d_n,hit90_q_d_n,gt_q_d,mu_q_d,hit90_q_d,gt_q_s_n,mu_q_s_n,hit90_q_s_n,gt_q_s,mu_q_s,hit90_q_s,gt_inv_temp,mu_inv_temp,hit90_inv_temp,gt_cost_stop_error,mu_cost_stop_error,hit90_cost_stop_error,gt_cost_time,mu_cost_time,hit90_cost_time,gt_cost_go_error,mu_cost_go_error,hit90_cost_go_error,gt_cost_go_missing,mu_cost_go_missing,hit90_cost_go_missing
0,0.00999591561921509,0.05656468,1.0,0.9363826555508231,0.932921,1.0,0.6981089877508139,0.48174518,1.0,0.8634213901595957,0.7831124,1.0,16.374193436409662,35.76125,1.0,1.15950483653455,31142.752,0.0,0.015918220624045173,0.0054449025,1.0,1.530113193237842,0.9066755,1.0,0.14070450012109936,0.39925638,1.0
1,0.6987695897807719,0.45694745,0.0,0.6690579879787178,0.6272033,0.0,0.1169385577712212,0.497987,1.0,0.5875735996166422,0.6739077,1.0,57.33653688818527,51.898216,1.0,1.214912520678078,0.36476585,0.0,0.004315166521404171,0.0010706978,0.0,1.1919251820365506,1.2464428,1.0,0.04732953004253089,0.04238893,1.0
2,0.11089449788765648,0.12536843,1.0,0.9176544727094365,0.9076263,1.0,0.41583680057713013,0.58341384,1.0,0.7070400099685676,0.69298124,1.0,17.320699690449672,36.04287,1.0,0.06131348394331871,0.15809293,1.0,0.000283745545873202,0.004117307,1.0,0.7376500013794131,0.6581013,1.0,0.05943404152783468,0.38336763,1.0
3,0.43765645892852656,0.5999643,1.0,0.7225205330478177,0.64963514,1.0,0.5564260519393242,0.5476759,1.0,0.5351826517289384,0.7623848,1.0,62.87313557591328,55.346825,1.0,1.254959900609057,0.61105055,1.0,0.02666217528467286,0.030206239,1.0,0.015095319150595803,0.101212904,1.0,0.2442699204313525,0.4072784,1.0
4,0.453518934741174,0.24562813,0.0,0.931154180626648,0.83569646,0.0,0.6840151268224284,0.6737663,1.0,0.6859468924770125,0.6112216,1.0,52.10773965751425,52.937836,1.0,0.39286273095704216,0.48085383,1.0,0.00016995328835365153,0.00079982675,1.0,0.47418726121984034,1.2223772,0.0,0.90447671412661,0.52678096,1.0
5,0.14917435553678593,0.33898434,1.0,0.9975165527319649,0.84265137,0.0,0.17561164249474615,0.54435056,1.0,0.712928056677613,0.74609095,1.0,60.91616729103504,61.050503,1.0,0.03422206594569115,0.27265006,1.0,0.022536382535464788,0.030834718,1.0,0.013465343056055956,0.0817776,0.0,0.016486042648861984,0.43614626,1.0
6,0.6820969200417327,0.4175713,1.0,0.6696668632916043,0.7684617,1.0,0.9442190291362627,0.565755,1.0,0.5075983168828129,0.73812294,0.0,15.999940848537614,30.916977,1.0,0.6089444256599992,0.14997494,0.0,0.037241973655680764,0.015486706,0.0,0.5807579709531476,0.10310438,0.0,0.1285060501447249,0.38600335,1.0
7,0.02197075791498726,0.37819037,0.0,0.6429918257486238,0.8027649,1.0,0.9579686286354714,0.55035144,1.0,0.9209890246541619,0.7393458,1.0,33.1839830288382,30.14357,1.0,0.02787537444781872,0.09078547,1.0,0.005356034746264818,0.0044016093,1.0,0.11930147589309363,0.10307532,1.0,0.01867052704826614,0.40367028,1.0
8,0.10507493134866974,0.15684852,1.0,0.8543880234852694,0.9441788,0.0,0.823032390793609,0.75061464,0.0,0.9198751042773647,0.93666273,1.0,30.059159846984684,46.40487,1.0,1.5930459228882614,0.83024496,1.0,0.015852454302628938,0.006155881,1.0,0.6972423332779522,0.75974244,1.0,0.03780139045198111,0.25931042,1.0
9,0.711436057279999,0.53898585,1.0,0.8050705897137229,0.72496957,1.0,0.0015535421107413239,0.54487014,0.0,0.7848535963078118,0.7480512,1.0,12.903053296292232,30.273317,1.0,0.1443800499525009,0.15298153,1.0,0.00014905006904990055,0.0012288378,1.0,0.07139826285322656,0.14173089,1.0,0.10075920804558423,0.40299585,1.0
10,0.15652849320348383,0.3442243,1.0,0.6792147181023371,0.8116466,1.0,0.5196902297569386,0.6959361,0.0,0.8756909526399241,0.91172326,1.0,24.185349280596295,34.332775,1.0,0.1763699187010898,0.31981328,1.0,0.0005109330275128389,0.0018109338,1.0,0.1369104428168632,0.1378251,1.0,0.0751130876898477,0.4323911,1.0
11,0.34081802662421357,0.46280995,1.0,0.8045486110974267,0.75498194,1.0,0.3376710681590557,0.5597454,1.0,0.7796878763115647,0.7189435,1.0,10.808002681843034,31.315664,0.0,0.08503811757084777,0.1497622,1.0,0.0001212117494356852,0.002280085,0.0,0.047236865879345266,0.108632825,1.0,0.023357012777822976,0.41669983,1.0
12,0.6894740432995479,0.4205794,1.0,0.8976507436183762,0.7935863,1.0,0.834623493370202,0.53540725,1.0,0.8930253941567877,0.73354363,1.0,12.624990306868712,33.13842,1.0,0.3486818217577351,0.13849203,1.0,0.0070868739636034,0.016187131,1.0,0.06865663005018485,0.11041234,1.0,0.23956783311224736,0.40525508,1.0
13,0.1475858247798706,0.59811574,1.0,0.8242310935797126,0.6345999,1.0,0.02829041498495377,0.5267574,0.0,0.850715667766496,0.71719044,1.0,12.855339300814698,24.90711,1.0,0.2068024279467215,0.07327507,1.0,0.0031318011948443343,0.0020595477,1.0,0.014427857325429812,0.09395047,1.0,0.09345573399902848,0.4190439,1.0
14,0.768132433334929,0.5760877,1.0,0.942198401605886,0.7517346,1.0,0.16949501279343915,0.5272648,1.0,0.8469791777922941,0.74220884,1.0,11.16645884124707,33.20137,0.0,0.026825647840574784,0.20133641,1.0,0.0370562575110267,0.023378827,1.0,0.029503668168176015,0.10726569,1.0,0.04862153623126577,0.39098132,1.0
15,0.025690961915475263,0.2383244,1.0,0.9055880808120932,0.88594997,1.0,0.1783865198930613,0.55444247,1.0,0.9170804186788241,0.7542042,1.0,42.983771583453205,39.42916,1.0,0.09820710750991908,0.17340097,1.0,0.003342899641426396,0.010150189,1.0,0.022384213799522056,0.11014107,1.0,0.1267704215270526,0.37456876,1.0
16,0.45270301858840933,0.6012117,1.0,0.6732675695450381,0.5818837,1.0,0.6790134501287947,0.52237236,1.0,0.567863133973976,0.7701863,1.0,26.02980090597937,29.250185,1.0,0.05987283013010364,0.06430176,1.0,0.0015454382901179187,0.005618301,1.0,0.01963149701781701,0.32140124,1.0,0.43145645152047624,0.4748329,1.0
17,0.6870632978607706,0.7240642,1.0,0.9837818147404043,0.9726657,1.0,0.15673593403907804,0.6235398,1.0,0.5876237811367699,0.7137498,1.0,87.05400818678119,44.736744,1.0,0.06672207863422407,0.21137165,1.0,0.00010490087812985415,0.0006538035,0.0,1.080679554884732,1.2804812,1.0,1.030952819596522,0.3750435,1.0
18,0.16779077232978,0.6272873,1.0,0.6478591968147887,0.62111974,1.0,0.6961730047360788,0.49476093,1.0,0.6752647223886732,0.7659541,1.0,12.441175307212017,29.08407,1.0,0.32963985738766033,0.08073251,0.0,0.0012653186146587754,0.0018254124,1.0,0.012356324200912904,0.35950786,0.0,0.228266906653409,0.5565144,1.0
19,0.9943296237354031,0.57404894,0.0,0.8081568714776929,0.5711234,0.0,0.30429119765821544,0.5515382,0.0,0.6314567596912131,0.6447904,1.0,16.076201099364454,27.671371,1.0,1.493652367553336,1.1494119,1.0,0.0006043565523676489,0.000607319,1.0,0.23453990655109175,0.18779582,1.0,0.39803109730685726,0.12443671,1.0
20,0.5548555670577481,0.5297129,1.0,0.9993482070329303,0.9947435,1.0,0.4170808988789432,0.45839554,1.0,0.6272043325355492,0.77402097,1.0,57.919738078096195,42.847153,1.0,0.030616579419470883,0.05607893,1.0,0.0028913842683421266,0.006626219,1.0,0.33906873654549674,1.1179179,1.0,0.3662904937438475,0.36395484,1.0
21,0.06516337784417248,0.50783014,1.0,0.6200757335720674,0.7364899,1.0,0.271234614615799,0.5388258,1.0,0.6423963812919635,0.7522235,1.0,32.387062256551175,29.690397,1.0,0.046729038043576566,0.110535294,1.0,0.000530260412121628,0.004298344,1.0,0.015730344284930097,0.10622559,1.0,0.46374795673900154,0.39138404,1.0
22,0.9690286326942392,0.54995835,0.0,0.9507369962144409,0.7019201,0.0,0.0032925136693580104,0.5280624,0.0,0.5095143979763599,0.7391199,0.0,10.56185747240845,27.556938,0.0,1.0039441602916515,0.09902531,0.0,0.005305440101769732,0.0017592518,1.0,0.12329320409712173,0.13530579,1.0,1.9489259119494091,0.39698648,0.0
23,0.5905689225707573,0.53930295,1.0,0.9782812633843846,0.6874511,0.0,0.3410956771009541,0.7925923,0.0,0.7107750421005861,0.8084785,1.0,15.14250481094327,33.64725,1.0,0.8110280169397922,0.8560907,1.0,0.0046068336587726634,0.0065970994,1.0,0.015615748348997946,0.100982115,1.0,1.0291690248604575,0.22175899,1.0
24,0.5154196078249184,0.31202936,1.0,0.8898345256397263,0.87919945,1.0,0.744502703090698,0.53873146,1.0,0.89747034969823,0.7473019,1.0,43.072753120410134,42.650406,1.0,0.019842561267346005,0.07290549,1.0,0.02979420760859821,0.018738646,1.0,0.3198233507700411,0.32170236,1.0,0.0245664133711346,0.37762505,1.0
25,0.6235203015949188,0.58899194,1.0,0.9261169420118405,0.9040747,1.0,0.2113870878263916,0.54989463,1.0,0.7583388669125459,0.7522437,1.0,42.89184380177288,43.35066,1.0,0.07872874681733288,0.111528404,1.0,0.011819209980679004,0.018294536,1.0,0.3474218389243641,0.5880667,1.0,0.7301166067016344,0.411349,1.0
26,0.11769564591330461,0.57118076,1.0,0.7617709310280187,0.73890334,1.0,0.7098955533783925,0.50096655,1.0,0.743568354326716,0.73977464,1.0,42.67689819604067,52.188313,1.0,0.13741471577375355,0.09275455,1.0,0.02448945578297298,0.02869582,1.0,0.010881729998685322,0.17138842,0.0,0.011349956003041005,0.42163354,0.0
27,0.8060445553945284,0.73660827,1.0,0.9347981133608789,0.9092942,1.0,0.8579875685514408,0.8211516,1.0,0.993085833485577,0.97691756,1.0,13.00357023870186,35.72074,1.0,0.7120217062873131,0.36005542,1.0,0.003536189430955113,0.0014350796,1.0,0.9515865597717563,0.4869803,1.0,0.04699459255981255,274.58182,1.0
28,0.6799205932266503,0.71085376,1.0,0.7013308887079002,0.72689265,1.0,0.4703465139052091,0.5877608,1.0,0.5282412337375588,0.67463136,1.0,49.78766987314453,35.901802,1.0,0.013304726617222547,0.08972105,0.0,0.002145723133605486,0.0013858832,1.0,0.6990952614160096,0.98235744,1.0,0.050985794451830414,0.077567995,1.0
29,0.33336171402461057,0.68758273,0.0,0.7114587755568315,0.85161096,0.0,0.3472091373453928,0.4678983,1.0,0.9696790345504052,0.7685083,1.0,41.00804070933117,51.72604,1.0,0.13583303129909102,0.07441873,1.0,0.01132168278161543,0.008311095,1.0,0.5252845017078285,0.5184988,1.0,0.38743915731132295,0.43661115,1.0
30,0.855465213388692,0.5517349,1.0,0.9520651038701479,0.69180065,0.0,0.5269937910338739,0.5358098,1.0,0.7369858507253422,0.7490629,1.0,19.19548894666436,27.897032,1.0,0.013567855527178646,0.10387572,1.0,0.0004074115068552931,0.0019875602,1.0,0.028481423523672517,0.11575668,1.0,0.4511516445589369,0.44548646,1.0
31,0.931819801926956,0.53772,1.0,0.6616250135405795,0.6705964,1.0,0.5971337413225128,0.5146851,1.0,0.7840222918122772,0.74881667,1.0,22.678979490535326,25.903683,1.0,0.01132227915244094,0.068914436,0.0,0.009566999053158193,0.0021706051,1.0,0.3688077134781514,0.15506244,1.0,0.16128138465187036,0.46770203,1.0
32,0.67981207837599,0.6394346,1.0,0.5989301648767422,0.59170425,1.0,0.7559455957241434,0.6150672,1.0,0.7746691990539267,0.69449514,1.0,72.92970821962659,39.289345,1.0,0.026062536598534754,0.06538429,1.0,0.0027628321680899476,0.0047947685,1.0,0.5382629152257759,1.0190866,1.0,0.05610234150631253,0.09776845,1.0
33,0.08248927760668434,0.25475904,1.0,0.8295256444189104,0.90016234,1.0,0.8328341006186257,0.54323983,1.0,0.5570411112978351,0.75656813,1.0,22.510925443786622,34.85271,1.0,0.029725631610052004,0.103824876,1.0,0.010878729945548875,0.009323659,1.0,0.1716135982955883,0.15103625,1.0,0.010932212079056829,0.39976612,0.0
34,0.8745634028295083,0.57713455,1.0,0.736550478223685,0.6449166,1.0,0.02216843433498672,0.80817515,0.0,0.5258843001523572,0.665325,0.0,38.561225977317214,24.326265,1.0,0.6363154684907903,1.2121841,1.0,0.0006044682080225685,0.00066056865,1.0,0.02572683264763526,0.080233365,1.0,0.014356952750423497,0.0793582,1.0
35,0.4405519025198624,0.5970318,1.0,0.5126336216412096,0.63175523,1.0,0.9527790474036121,0.53828144,1.0,0.6943830007877305,0.75210905,1.0,72.66673214739195,32.33658,1.0,0.09692892217124317,0.101329744,1.0,0.0028227281646650304,0.018004311,0.0,0.04251224000136706,0.19886272,1.0,0.12373050105500227,0.43805996,1.0
36,0.7702347098110586,0.53244936,1.0,0.5159405155225136,0.5064849,1.0,0.14923575412511159,0.5884873,1.0,0.5423642418750704,0.69173634,1.0,11.050969546059914,23.396992,1.0,0.31728795762339995,0.17477308,1.0,0.0025937494066456184,0.0008764207,1.0,1.2528510675353903,0.79703814,1.0,0.012035042399412277,0.05156474,1.0
37,0.9322384963676219,0.54585886,1.0,0.5072529911103509,0.69294834,0.0,0.2977322395808406,0.53419214,1.0,0.9209340080663686,0.74825,1.0,46.13629433961745,27.56932,1.0,0.03173114573172037,0.077457406,1.0,0.0020768836469358047,0.009618513,1.0,0.25642593035106304,0.16421108,1.0,0.07643486307754262,0.42726606,1.0
38,0.43562153533894477,0.62071025,0.0,0.784211222443353,0.85418147,0.0,0.8701105496857895,0.5324553,1.0,0.9908221230092378,0.7015625,0.0,10.850611675728825,34.108997,0.0,0.12322564213226805,0.090775914,1.0,0.003758451000728803,0.0033962668,1.0,1.4252286344270018,0.6491089,1.0,0.11301340407753313,0.42118007,1.0
39,0.35366447050833305,0.5446914,1.0,0.9626777248929725,0.67105705,0.0,0.32579754064547806,0.37434337,1.0,0.8074548382092274,0.82413214,1.0,26.407783016039488,31.801693,1.0,0.4972057318477331,0.91127056,1.0,0.00041276391707343593,0.0030445096,1.0,0.015972564397666606,0.04991586,1.0,0.5750794923533339,0.39800322,1.0
40,0.7322417525462879,0.6793261,1.0,0.903236474164796,0.89229614,1.0,0.05821942057900753,0.047097065,1.0,0.8075446307434231,0.8096859,1.0,53.67725441678631,33.537655,1.0,0.19524904331926246,0.45586133,1.0,0.00012537081731118482,0.0014359952,1.0,0.2527964969189276,0.81644005,1.0,0.012397007767905303,0.37402728,0.0
41,0.8733721747354395,0.6022052,1.0,0.7619880502101499,0.6430287,1.0,0.3097697906276473,0.51685804,1.0,0.982227261192635,0.7392606,0.0,21.970819313372115,34.889805,1.0,0.010734308160684995,0.19154613,0.0,0.03374620132852899,0.025738858,1.0,0.023456883056443986,0.10290941,1.0,0.67716467742808,0.39968953,1.0
42,0.6547145334256199,0.3430595,1.0,0.8278036712454591,0.84134156,1.0,0.4827908233840438,0.50436634,1.0,0.9182478393505105,0.91792846,1.0,17.366848199428595,42.451992,1.0,1.512771812252205,0.79755676,1.0,0.007732827268973343,0.0037956375,1.0,0.1850235201341899,0.08284648,1.0,0.6908794112917345,0.38458648,1.0
43,0.9509187644230943,0.9005961,1.0,0.709819429270155,0.6728853,1.0,0.3719844282287378,0.43100777,1.0,0.8956783522226106,0.8171268,1.0,15.455366055745028,35.996216,1.0,0.711337487781573,0.5238402,1.0,0.0009652685780593363,0.00090063614,1.0,0.665974807550051,0.7150355,1.0,0.07391409843390985,0.20387805,1.0
44,0.3084275153686383,0.5438357,1.0,0.7510903306704209,0.623462,1.0,0.6087093494421728,0.5409983,1.0,0.6065383422523338,0.7506113,1.0,13.728700658490189,31.206377,1.0,0.012534532409074827,0.0622521,1.0,0.0008368745170610322,0.008214771,1.0,0.014206442851242031,0.27395037,1.0,0.06555627405380107,0.42312238,1.0
45,0.8421228948623743,0.5858591,1.0,0.7399254008677447,0.6974486,1.0,0.6829266740741646,0.53584105,1.0,0.7002283939970398,0.73523366,1.0,47.6177550205062,63.206264,1.0,0.318422567290832,0.25914338,1.0,0.04273683513570225,0.032762825,1.0,0.12147837761473941,0.11549753,1.0,0.052829318349996664,0.40883973,1.0
46,0.8013772456003598,0.6185264,1.0,0.5643069730356237,0.66185135,1.0,0.973911205151057,0.51356655,0.0,0.5729822534069349,0.7199853,1.0,38.88662322247711,62.009632,1.0,0.39512256487182895,0.16762875,1.0,0.04249974154779183,0.03286586,1.0,0.020881079649179842,0.15365045,1.0,0.49151302656661655,0.41620448,1.0
47,0.2856264147975882,0.48703015,1.0,0.711229405781288,0.7674145,1.0,0.2672284934566901,0.60373163,1.0,0.7955516042882629,0.7967843,1.0,75.19352626877797,54.50321,1.0,0.5831949239718098,22396.615,1.0,0.011093331404058437,0.016372666,1.0,0.0151166869145107,0.12967491,1.0,0.870540301804232,0.38049722,1.0
48,0.3910910536744441,0.37646353,1.0,0.7035276757277273,0.7424009,1.0,0.15178600917975305,0.60122645,1.0,0.8127730036592378,0.789391,1.0,13.976619054286312,33.435295,1.0,0.12460713849405107,0.19893885,1.0,0.00011372405179182198,0.0011770441,0.0,0.2432585969640748,0.15999563,1.0,0.23303560867170883,0.41451877,1.0
49,0.5993276331662657,0.55700415,1.0,0.8308965378049701,0.80943835,1.0,0.15074515399503852,0.51465154,1.0,0.603174865886245,0.7061667,1.0,24.876486734979665,32.14197,1.0,0.3294282468170566,0.15535614,1.0,0.0033168019256626688,0.0015461032,1.0,0.295791995102417,0.27458474,1.0,0.2132776705684803,0.4370647,1.0
50,0.5666959797930757,0.43874398,1.0,0.7003944920298497,0.7673435,1.0,0.8208704400239546,0.552682,1.0,0.8237252208552822,0.7482435,1.0,43.85974456545489,31.183762,1.0,0.6826230916813609,0.19863665,1.0,0.01577192099252505,0.0071077747,1.0,0.32072229879816844,0.07890123,0.0,0.8452329149903941,0.38030288,1.0
51,0.5244300123118183,0.49727997,1.0,0.8558538395126235,0.8415936,1.0,0.7111529378392648,0.5613867,1.0,0.5638798629677817,0.69820374,1.0,77.86183941886775,59.557747,1.0,0.04781589667487515,0.085795484,1.0,0.0007423716120145453,0.0014579162,1.0,0.9985948159254574,1.3266252,1.0,0.44270322352326175,0.4470846,1.0
52,0.3803751610607998,0.22704814,1.0,0.9965491815856501,0.87186086,0.0,0.5663732449908067,0.5531069,1.0,0.6495207423274119,0.76139677,1.0,80.76600988041,84.16852,1.0,0.6501876702819062,0.48240986,1.0,0.03435948598346259,0.04056359,1.0,0.02228224903824175,0.066125624,1.0,0.858781845208023,0.3793858,1.0
53,0.1662281500410282,0.11159141,1.0,0.5643349244286973,0.5587885,1.0,0.8350125993025916,0.53117234,1.0,0.6603278467250363,0.7075234,1.0,62.59387182904652,43.266483,1.0,0.01302861456004943,0.29882008,0.0,0.0007536469640283109,0.0009322482,1.0,0.801960896113024,1.1450665,1.0,0.08230689324440439,0.13805725,1.0
54,0.42406966202429275,0.25322554,1.0,0.9868514850729342,0.9787522,1.0,0.9813417936000236,0.49380675,0.0,0.6937070551097159,0.7567372,1.0,49.36396708546222,38.076626,1.0,0.4003127903200289,0.16675174,1.0,0.01623119524908377,0.01118286,1.0,0.3275812010897893,0.5346434,1.0,0.013966274633637655,0.38587394,0.0
55,0.00391912267969885,0.5904845,0.0,0.7931656804529332,0.68876946,1.0,0.2041557704839495,0.5210138,1.0,0.7918173831631982,0.7293008,1.0,39.964570804982294,28.770794,1.0,0.0296061728319134,0.19749044,1.0,0.008736250596162343,0.01492943,1.0,0.01617354714055463,0.10309475,1.0,0.8736402316679764,0.4104125,1.0
56,0.7247281057856574,0.37911958,1.0,0.8164641446276066,0.85941833,1.0,0.28373091125545447,0.25615424,1.0,0.852527837275032,0.7661803,0.0,76.13150289944097,56.60364,1.0,0.6944925301843276,1.208673,1.0,0.001574989411948442,0.002762899,1.0,0.09237197126747534,0.06619018,1.0,0.01490616860278511,0.35748237,1.0
57,0.7520026371248489,0.6075435,1.0,0.6687434216652737,0.6686951,1.0,0.2420213684701874,0.5555276,1.0,0.6956729641861294,0.7611709,1.0,92.08582117391892,71.87221,1.0,0.8264273942840326,0.7011227,1.0,0.031489526953439706,0.035106517,1.0,0.01960521326264216,0.107569166,1.0,0.055087762733931254,0.43526217,1.0
58,0.11235128397371386,0.11918563,1.0,0.8772609271161222,0.9074198,1.0,0.8155939187575718,0.7319546,1.0,0.8881112817758231,0.8537107,1.0,46.658326585769274,67.87553,1.0,0.21794819797371068,0.4163968,1.0,0.000351800960035238,0.0027227527,1.0,1.566756984402646,1.5285615,1.0,0.7442378179451535,0.39941156,1.0
59,0.9146352814858103,0.57932925,1.0,0.6831449039585942,0.6452831,1.0,0.44393738319865717,0.549548,1.0,0.9478225586631447,0.7199923,1.0,16.683771236987152,26.179049,1.0,0.05297519439483667,0.12046838,1.0,0.00010780259635695241,0.001167875,0.0,0.04327043929448286,0.10367966,1.0,0.1284637696109713,0.4544015,1.0
60,0.17664099549282664,0.2017578,1.0,0.6568973600094331,0.65809584,1.0,0.48342444734490786,0.55652344,1.0,0.7726101127083342,0.7356544,1.0,16.131993860181012,28.750622,1.0,0.0391326744368809,0.086058624,1.0,0.00019484050394996785,0.0008555573,1.0,1.1820212590608423,0.99650353,1.0,0.011167381062471235,0.05482149,0.0
61,0.23706528516977143,0.5752088,1.0,0.8556789917997745,0.8370126,1.0,0.45487951649057046,0.3561325,1.0,0.5946536765857799,0.598417,1.0,94.23188748773356,60.547935,0.0,0.6418103748841083,1.3165201,0.0,0.0007884839850840593,0.0027117115,0.0,0.027286048538162452,0.11089452,0.0,0.04348642013156685,0.086439796,1.0
62,0.8493385175455485,0.6194695,1.0,0.51511318900607,0.6050627,1.0,0.2871324902483936,0.52955127,1.0,0.762002610787813,0.71806216,1.0,14.595699762508746,25.35967,1.0,0.013820603694399193,0.08067508,1.0,0.002347653033530687,0.00477246,1.0,0.028948052990711914,0.11360815,1.0,0.05539476605609901,1400.1295,1.0
63,0.3813472677137151,0.4745086,1.0,0.8959183328769256,0.8681553,1.0,0.2672245283050755,0.5030913,1.0,0.5304319486821696,0.7576055,1.0,13.770420851150096,34.096478,1.0,0.027529050262483666,0.06114984,1.0,0.0006946768467391409,0.0054326984,1.0,0.15530302055986409,0.14832184,1.0,0.03305207575012553,0.37977368,1.0
64,0.27336294398573646,0.25347602,1.0,0.9482650732152631,0.8897176,1.0,0.39207538532951924,0.32953712,1.0,0.8316905274920813,0.7923052,1.0,64.62221414802104,33.873737,1.0,0.2603329531592765,0.7869069,1.0,0.00037763748637332687,0.0021733323,1.0,0.08193974978936096,0.3245412,1.0,0.012885946101938502,0.4545954,0.0
65,0.38327607789140583,0.27915227,1.0,0.949076539696913,0.9325635,1.0,0.07894806206221627,0.16602777,1.0,0.7309565936347335,0.8432504,0.0,29.45246115562944,41.23155,1.0,0.7418185562824541,0.56942713,1.0,0.003604612726276256,0.00214339,1.0,0.8317915232933896,0.8090129,1.0,0.04054910398312205,0.47462097,1.0
66,0.14393414535854987,0.37139,1.0,0.7824999319790906,0.8804573,1.0,0.27940846795617114,0.23757711,1.0,0.8374486776608501,0.9098988,1.0,16.862505576027917,33.726776,1.0,0.8682522849733716,0.3449757,0.0,0.008172539996804238,0.0023302727,0.0,0.09791716653194238,0.07886182,1.0,1.4087999047379705,0.37663403,1.0
67,0.545204462528952,0.47732133,1.0,0.6313470162442965,0.7462917,1.0,0.07933983198647954,0.56106204,1.0,0.6651949237758139,0.71954787,1.0,12.388306106521744,29.655191,1.0,0.18072456797770997,0.16354688,1.0,0.040991234885972394,0.0020874597,0.0,1.2599892943123308,0.1386369,0.0,0.05550397851395942,0.39405054,1.0
68,0.7123665294279594,0.2807549,0.0,0.9871897708630561,0.86287594,0.0,0.4933674568206714,0.5500542,1.0,0.5990894565886129,0.6339253,1.0,70.36846055660374,53.081,1.0,0.3054506803508724,0.87923133,1.0,0.00037292013756296953,0.0023248624,1.0,0.04014251668470359,0.107400626,1.0,0.1566894489262303,0.43674386,1.0
69,0.14543106352197488,0.17076638,1.0,0.670185023701183,0.6706881,1.0,0.9677762931607565,0.656968,1.0,0.5820175516782461,0.67964184,1.0,48.661250487370815,59.507477,1.0,0.27033324475599896,0.31452248,1.0,0.0017523169230711474,0.0042818063,1.0,0.7729561686764669,8363.702,1.0,1.0769886346452326,0.8866571,1.0
70,0.4960485710218372,0.44512707,1.0,0.7009589453932148,0.6291904,1.0,0.6152769499711691,0.5808638,1.0,0.9999410729545617,0.9749595,1.0,35.39104283142213,42.0981,1.0,0.49153292679543886,0.9888372,1.0,0.0001714823641121128,0.0022838444,0.0,0.018923838356385985,0.08494391,1.0,0.016803406309871143,0.365969,1.0
71,0.28643118963747627,0.53840834,1.0,0.5053162120955623,0.7046404,0.0,0.7261681301523154,0.54862124,1.0,0.5293309346515394,0.73793685,1.0,17.236870350102926,31.826805,1.0,0.1369839666753126,0.20803839,1.0,0.017095019124326167,0.018011123,1.0,0.5453871608160479,0.102529965,0.0,1.7736726045581146,0.4162538,0.0
72,0.6643791177629174,0.57334507,1.0,0.861612168049669,0.6606029,1.0,0.3610172502873289,0.52519214,1.0,0.9375415185770264,0.7498104,1.0,15.23341116904002,30.211348,1.0,0.015409530968747665,0.07787994,1.0,0.0004891413456904296,0.003313434,1.0,0.07471663425277036,0.33054596,1.0,0.06952375102902404,0.46625084,1.0
73,0.21270246613355903,0.10982515,1.0,0.5808379972426936,0.56893384,1.0,0.8144469148710854,0.5522864,1.0,0.8690802875146468,0.6976091,1.0,43.52339020667655,36.2961,1.0,0.3245772561129676,0.29860538,1.0,0.002054294581789882,0.0006619768,1.0,1.2540837194392993,1.2146112,1.0,0.07464343352740432,0.07004169,1.0
74,0.22126910713593606,0.41109216,1.0,0.8376961302000538,0.945869,0.0,0.878281525703843,0.7439997,0.0,0.7883483420725075,0.7656844,1.0,19.57753148338256,42.043774,1.0,1.3023471528824184,0.93948567,1.0,0.00025881109555597466,0.0005567118,1.0,0.8940654663870092,0.61794627,1.0,1.1825553668287605,0.83096164,1.0
75,0.42161060232193837,0.45640802,1.0,0.9305312718835121,0.9451504,1.0,0.5251477086449434,0.47813982,1.0,0.6634226798116718,0.71564496,0.0,91.66721974465737,33.472633,0.0,0.3500774344903573,0.85788625,1.0,0.0012171490297820775,0.0031018164,1.0,0.07345910647044457,0.50215644,0.0,0.08409580037964558,0.20899557,1.0
76,0.15579686483563882,0.2895516,1.0,0.9818898061545134,0.85186917,1.0,0.3509775069995834,0.5782042,1.0,0.9514685852065752,0.73373336,1.0,11.554072559595413,38.987186,1.0,0.014312247773828547,0.11171152,1.0,0.001683298001270281,0.007009669,1.0,0.04073933602621749,0.11616206,1.0,1.8541895812943003,0.38031477,0.0
77,0.0419156427543782,0.19189917,1.0,0.948399287455381,0.916089,1.0,0.32420437986742445,0.32118744,1.0,0.9221704624838835,0.8508512,1.0,61.24550068960557,45.089703,1.0,0.15942209715693395,0.7614691,0.0,0.0013020607036667747,0.012019348,0.0,0.04589030705193246,0.20625748,0.0,1.1354716673778642,0.42660207,1.0
78,0.1333697104199093,0.60123414,1.0,0.527555569504365,0.60739344,1.0,0.5985284296933572,0.6016198,1.0,0.8095274466435882,0.82227534,1.0,22.012080590608004,26.192663,1.0,0.8268952659382551,1.0624336,1.0,0.00042075326115212597,0.0015139944,1.0,0.010550436375115867,0.06890874,1.0,0.41122177033027346,0.4015546,1.0
79,0.71110262920323,0.59606826,1.0,0.565234185799982,0.66139853,1.0,0.6845110506508828,0.531242,1.0,0.6124348682485974,0.72175854,1.0,27.399364724247558,25.364763,1.0,0.18870139229411423,0.12677917,1.0,0.001042619788890869,0.0012873745,1.0,0.12051033465618305,0.13762656,1.0,0.3877251573626338,0.42500257,1.0
80,0.29527646182227185,0.3504718,1.0,0.642722161916009,0.75840515,1.0,0.5011124382992646,0.50083816,1.0,0.9938061636174593,0.98179007,1.0,55.44523482964137,42.029556,1.0,0.564988338923409,0.8936945,1.0,0.0033194651669499592,0.002353402,1.0,0.18402586160401005,0.13784035,1.0,0.019692187827163463,0.40760893,1.0
81,0.09565419391312358,0.18160556,1.0,0.9270329762565286,0.9529148,1.0,0.8717579356392329,0.5229496,1.0,0.8912878228234932,0.7568447,1.0,28.97466391859863,45.248055,1.0,0.23342168041552971,0.20702249,1.0,0.011073732369921561,0.02025246,1.0,0.16704645445883132,0.23951171,1.0,0.02438479336273697,0.3533532,1.0
82,0.8735477974648659,0.9636231,0.0,0.6474638993567763,0.8573013,0.0,0.45509719419191297,0.49212122,1.0,0.7924406022350501,0.7045614,1.0,74.30370117043904,38.124092,1.0,0.02491867551823422,0.07602412,1.0,0.005326193946669198,0.0050092693,1.0,0.730685580011125,0.6425587,1.0,1.9768475339293676,0.60255665,0.0
83,0.7652113765491892,0.43769738,1.0,0.5645082801399604,0.5565531,1.0,0.16463329605392496,0.52327645,1.0,0.6555087454105996,0.7252042,1.0,98.03598788245081,53.86786,0.0,1.051612096098919,1.0879616,1.0,0.0007091015956753812,0.00057974947,1.0,0.1311678630672212,0.61874014,1.0,0.016997218656510556,0.11498744,1.0
84,0.7298846489328367,0.56418437,1.0,0.9076465679737786,0.8233661,1.0,0.8140939114102774,0.41860378,1.0,0.6231087192489746,0.80314404,1.0,15.252548511262876,31.9887,1.0,1.2113320744518714,0.07699858,0.0,0.007616432109280444,0.0018484257,1.0,0.5800993112358335,0.44567296,1.0,0.8008887082957016,0.42214426,1.0
85,0.550800758274139,0.47656626,1.0,0.9246850465676022,0.7535505,1.0,0.23374743694141975,0.5422095,1.0,0.777317047478665,0.72872376,1.0,13.587072457266611,28.80029,1.0,0.019232512309907114,0.074841514,1.0,0.005599228446380942,0.003100296,1.0,0.05948684346992251,0.08343979,1.0,0.0531750592098331,0.40942466,1.0
86,0.15671275182982336,0.21593797,1.0,0.9378055333802666,0.96523094,1.0,0.38217717961384945,0.41107538,1.0,0.9398627768584729,0.96796304,1.0,46.17977900158993,47.81802,1.0,0.5729996122817782,1.0086998,1.0,0.0025403468287166883,0.006338103,1.0,0.3049855171799821,0.61491746,1.0,0.04093124576427993,0.5088936,1.0
87,0.7429778074940097,0.4984937,1.0,0.6883571662440493,0.7164186,1.0,0.14085278228708553,0.52520066,1.0,0.5928837061278313,0.73580635,1.0,58.53320604102042,43.281258,1.0,0.01674876449411606,0.18423063,1.0,0.022245731624444907,5.480392,1.0,0.20339840338679097,0.13915901,1.0,0.8994990921160345,0.3617589,1.0
88,0.7315723108826598,0.626195,1.0,0.750042114653295,0.65935683,1.0,0.3839310199744891,0.52497244,1.0,0.8240212917367529,0.7140222,1.0,55.83157771758943,63.04568,1.0,0.03175222741274399,0.11312149,1.0,0.03407716618236834,0.030871376,1.0,0.03161641777826436,0.23775905,1.0,0.6708953732998898,0.40362805,1.0
89,0.8871933125473064,0.90204024,1.0,0.699456104591172,0.73198926,1.0,0.00868619800314252,0.57115,0.0,0.7518275370032013,0.67880565,1.0,35.943381226647425,51.972054,1.0,0.05003903393105986,0.18277004,1.0,0.0005217517959992839,0.00041740193,1.0,1.8955814320952236,1.2354739,1.0,0.24167888756058908,0.11867075,1.0
90,0.8650795114480956,0.8510786,1.0,0.9196272796988803,0.90580547,1.0,0.7099046405286881,0.52160436,1.0,0.6291594123579142,0.7610534,1.0,92.46419790928907,44.34596,0.0,0.010919399345301286,0.07110711,0.0,0.010873345807248674,0.0073019615,1.0,1.4790076951948232,1.0081494,1.0,0.21413780640625651,0.39650378,1.0
91,0.6480292676211586,0.4372951,1.0,0.8337905639297796,0.77280396,1.0,0.8976824385142204,0.533387,1.0,0.5522304257560122,0.7352821,1.0,26.730024859805635,28.853743,1.0,0.06479990629074597,0.06728073,1.0,0.0005396218955867604,0.0033543992,1.0,0.04243328412355658,0.11146861,1.0,1.5399078723931647,0.39877972,1.0
92,0.25054383176181316,0.6324428,1.0,0.557380877095814,0.60682493,1.0,0.7630815732797988,0.6995541,0.0,0.9377593530807482,0.8962095,1.0,59.79784217303773,55.15972,1.0,0.9578158248937715,1.1705688,1.0,0.009449545238458213,0.010299625,1.0,0.021060568177979584,0.05326183,1.0,0.13858699404074482,0.5132029,1.0
93,0.15336444042622932,0.16641963,1.0,0.963732105458412,0.97043324,1.0,0.3756998108272559,0.5512183,1.0,0.7506592637723661,0.7065382,1.0,17.826705128179125,32.51265,1.0,0.18363653814322511,0.10712846,1.0,0.004180482222865553,0.0043041874,1.0,1.2451983817975774,0.7485269,1.0,0.011018828220737256,0.40637112,0.0
94,0.3102424160060169,0.38340336,1.0,0.7011244890084598,0.8399216,1.0,0.36080771825477675,0.7342882,0.0,0.9374353538969484,0.9529398,1.0,10.05373503802573,32.63704,0.0,0.31913287068162155,0.3190436,1.0,0.004097747225599341,0.0030376601,1.0,0.20321545634676516,0.059541855,0.0,0.18786809549119965,0.41277272,1.0
95,0.5372724295947581,0.52880573,1.0,0.9469571707665487,0.7315275,1.0,0.3676433023284118,0.5307255,1.0,0.7765198432519613,0.72811866,1.0,34.77519772821976,29.524216,1.0,0.06345943704540234,0.13519529,1.0,0.0002704890672832777,0.0021780555,1.0,0.02401893917638112,0.1597654,1.0,0.012882415916481954,0.4403039,0.0
96,0.9062336606250804,0.47233966,1.0,0.6193740602712339,0.7309821,1.0,0.3586923955754958,0.5381533,1.0,0.8485756957909238,0.74137074,1.0,27.18217541604018,26.990898,1.0,0.03264395014883953,0.09103,1.0,0.00728290766342224,0.007926212,1.0,0.1195823085720638,0.10924115,1.0,0.028543112042085504,0.38980937,1.0
97,0.09093040963172294,0.21524534,1.0,0.7693570083206331,0.8826318,1.0,0.1024816484055806,0.5602024,1.0,0.5637394556069673,0.73839456,1.0,28.54193222713389,37.001785,1.0,0.010782119977670904,0.11954982,0.0,0.014613410929301705,0.007859932,1.0,0.22912837278210416,0.16801356,1.0,0.026603385015948482,0.42873812,1.0
98,0.6281233353321033,0.48073038,1.0,0.9741342381265178,0.8597308,1.0,0.6442556825665924,0.4821111,1.0,0.8612844040482842,0.76083255,1.0,11.738343381203064,31.689835,1.0,0.1495303956727343,0.05498849,1.0,0.001113489632561443,0.0068630585,1.0,0.14852902747427407,0.19768067,1.0,0.15540388015366166,0.38791326,1.0
99,0.010846628822169357,0.43705413,0.0,0.7481135697244231,0.8013093,1.0,0.8060290202306521,0.5329921,1.0,0.8293289679722922,0.737975,1.0,18.74401682339456,32.88767,1.0,0.08428344136875424,0.07767461,1.0,0.00023018724941755434,0.004371198,1.0,0.07411349270819721,0.16168964,1.0,0.4306369539312917,0.39974043,1.0
100,0.0506593870506582,0.34717792,1.0,0.9465936453446826,0.81100345,1.0,0.4593145477881272,0.57871646,1.0,0.5109121506487482,0.73262066,0.0,30.51557866708694,30.984932,1.0,0.015817517122339492,0.07277519,1.0,0.003182240477305345,0.0086111035,1.0,0.01283280237915594,0.13936126,1.0,0.05022230262087697,0.3494645,1.0
101,0.40760719414897206,0.37575293,1.0,0.7429951317571378,0.7446105,1.0,0.9594814555853197,0.567129,1.0,0.7160194877323008,0.6807598,1.0,20.213290961656572,46.385654,1.0,0.1481696881397289,0.08601033,1.0,0.0009534740764316306,0.00095259666,1.0,1.761543708703005,1.1089462,1.0,0.10919236082487227,0.4381078,1.0
102,0.5595191210801065,0.7076381,0.0,0.6663769895761724,0.64914304,1.0,0.9929558007748203,0.7457444,0.0,0.9256720877173674,0.6592616,0.0,15.731336899167305,39.267094,1.0,1.788413593785977,0.6714342,0.0,0.00017766659843081642,0.0003872888,1.0,1.1812546795943453,1.0968779,1.0,0.03255335500558017,0.07597793,1.0
103,0.20232434724307446,0.30115852,1.0,0.9187114937318291,0.9179342,1.0,0.8522711744359911,0.6490519,1.0,0.7455802881509165,0.8075029,1.0,16.298273498464344,33.715908,1.0,0.3388363409449688,0.26486462,1.0,0.00015127939955179208,0.0019880454,1.0,0.45051021433262894,0.4480097,1.0,0.18720072870161383,0.3902277,1.0
104,0.9308780117497899,0.51344496,1.0,0.889228399107906,0.6375727,0.0,0.6895111225005095,0.6795488,1.0,0.9968590218624787,0.96834636,1.0,40.064037715208435,32.778385,1.0,0.988547414842063,1.2983794,1.0,0.00010155256485331399,0.00029764086,0.0,0.01682457143717633,0.0603382,1.0,0.31905015248672547,0.36226478,1.0
105,0.9437951562174552,0.511171,1.0,0.6012073096549317,0.7225749,1.0,0.9268761330642538,0.6214985,1.0,0.7672870617266783,0.7728857,1.0,31.957264620213227,30.300367,1.0,0.22668495563810706,0.3487122,1.0,0.0005484263826130211,0.0021686244,1.0,0.07008649931998304,0.1259006,1.0,0.05842916243805955,0.4017666,1.0
106,0.4673368601091431,0.417773,1.0,0.7402434881518816,0.82534534,1.0,0.8329347408033121,0.8002824,1.0,0.9006206139567499,0.9345052,1.0,18.78801207982931,32.68078,1.0,0.6527917413843718,0.39404422,1.0,0.005291013175367199,0.0028142913,1.0,0.0697462668962038,0.06419608,1.0,0.060453275321140275,0.3601345,1.0
107,0.5464558356320508,0.37824848,1.0,0.9548305650408463,0.94353294,1.0,0.8652123455220739,0.87131447,1.0,0.9565952505829939,0.9457328,1.0,68.1690583448819,51.556335,1.0,0.4437144850747793,0.41066685,1.0,0.0020247529630174985,0.0005347549,0.0,1.0265488032246803,1.3648956,1.0,0.07738290097163492,0.4151792,1.0
108,0.9049064221747551,0.54584444,1.0,0.7833179011331495,0.69753367,1.0,0.994984897124931,0.5439262,0.0,0.6097068250754534,0.76022667,1.0,28.263058065603804,32.720505,1.0,0.027488771860137734,0.0721167,1.0,0.004330123426549264,0.0066577345,1.0,0.1999415588093634,0.3824334,1.0,0.2878672637112119,0.41160303,1.0
109,0.35249433742195957,0.33036533,1.0,0.9377584991397692,0.8695795,1.0,0.7205705202161001,0.8132912,1.0,0.6866144198024853,0.6960018,1.0,50.67096014461426,47.54724,1.0,0.6911903856190941,0.9890875,1.0,0.00011389201985516439,0.00064438663,0.0,0.43534687729924254,0.98462534,1.0,0.016946915096009638,0.04589134,1.0
110,0.4979831378851908,0.30329785,1.0,0.7845370374377181,0.76861703,1.0,0.06952949889210835,0.11539599,1.0,0.6892322423910822,0.7784632,0.0,44.48330257598336,55.452686,1.0,1.631794331758544,1.2762865,1.0,0.01932566781975317,0.01734037,1.0,0.28271042879864,0.32674634,1.0,0.019659575733713432,0.30016258,1.0
111,0.6379067591799367,0.5750947,1.0,0.7401625470540732,0.67139584,1.0,0.373705638963447,0.5473898,1.0,0.5173437605046343,0.7401767,0.0,18.47305884404678,36.476074,1.0,0.09145837765374647,0.16675565,1.0,0.04570836598642454,0.025012678,1.0,0.04361789999646479,0.12514071,1.0,0.10567743905927567,0.42229086,1.0
112,0.624586031629397,0.28215584,0.0,0.8680988862341441,0.78133494,1.0,0.02826749231236414,0.6408827,0.0,0.7173754580812189,0.7241946,1.0,15.553627927546144,34.37644,1.0,0.18272477039680485,0.17972288,1.0,0.0003118247890008088,0.0013772887,1.0,0.3513382069451987,0.32765588,1.0,0.3065940268892887,0.39857185,1.0
113,0.8862362742431862,0.73443496,1.0,0.5514672137033582,0.5785759,1.0,0.8737155566490681,0.6027515,1.0,0.5522476980439786,0.563169,1.0,25.26976504376128,32.66402,1.0,1.4569058836125885,1.2968482,1.0,0.0014331227614170143,0.00050170405,1.0,0.3928895327298759,0.2038927,1.0,0.15817103239400698,0.075850256,1.0
114,0.2525213942674619,0.37774238,1.0,0.7340591852068421,0.8126964,1.0,0.2699249093226769,0.5676812,1.0,0.8386672191287011,0.7491099,1.0,14.970749243864173,34.24097,1.0,0.30435344745330084,0.14664026,1.0,0.006493167823846583,0.0028931291,1.0,0.28172506719585527,0.14676206,1.0,0.10618109770953706,0.4069367,1.0
115,0.5971060256239188,0.48177695,1.0,0.6797452364771676,0.69693214,1.0,0.6364812871168268,0.53503746,1.0,0.5609409176196896,0.72849184,1.0,66.58513051987995,33.79982,1.0,0.1840269879516062,0.12912382,1.0,0.00560989360623444,0.005596442,1.0,0.2811873224650007,0.44580346,1.0,0.029871428161917905,0.28722274,1.0
116,0.5823329326211572,0.529814,1.0,0.7988890658746504,0.7561427,1.0,0.6878179272991864,0.63183486,1.0,0.7728615649653258,0.84010166,1.0,11.205736853588293,30.739124,1.0,0.8359200349065856,0.37939367,1.0,0.0014360147349691444,0.0010329467,1.0,0.07272267968228417,0.113651246,1.0,0.027063986717746062,0.4580446,1.0
117,0.6846231435359044,0.5421251,1.0,0.6605064143337211,0.69114333,1.0,0.09565655158449038,0.5240858,1.0,0.7659171330309227,0.73680335,1.0,35.19662052019704,28.108606,1.0,0.03448510457590672,0.11163853,1.0,0.0016287865664682444,0.011518221,1.0,0.01908275152036082,0.11931001,1.0,0.08101203713765104,0.4052127,1.0
118,0.5665116354540096,0.5986617,1.0,0.519696705214635,0.6392235,1.0,0.5780693172633339,0.5181454,1.0,0.7593071842228514,0.9224858,0.0,77.98404411076277,35.520145,1.0,0.2776625929999077,0.8865594,1.0,0.004681129358700679,0.01831553,0.0,0.03581599929993557,0.124924436,1.0,0.06265059040651937,0.437088,1.0
119,0.6461506927258638,0.2752478,1.0,0.8522024780898839,0.8284187,1.0,0.7276089085186257,0.55024207,1.0,0.8349239839956912,0.74323475,1.0,73.92305088385577,59.407776,1.0,0.24869613113589212,0.28358608,1.0,0.0321790168445967,0.029715108,1.0,0.23981970514868123,0.096479125,1.0,0.45149855439587844,0.37147447,1.0
120,0.7403519521250259,0.5095962,1.0,0.6465109263500507,0.6712188,1.0,0.16881354213319988,0.5868064,1.0,0.8041144379618055,0.7432293,1.0,90.25884594620695,32.668983,0.0,0.02123571637305861,0.09586644,1.0,0.001052053374427844,0.0040488476,1.0,0.1297699360238514,0.41666278,1.0,0.18734096553163399,0.48480964,1.0
121,0.1359269708533819,0.51817226,1.0,0.5669078975038458,0.6883965,1.0,0.07847607532297651,0.22472815,1.0,0.7093188947101935,0.7430269,1.0,61.419017160971784,26.665684,1.0,0.08343054107491073,0.33668664,0.0,0.02034736660267035,0.0012430449,0.0,1.2610387476271832,0.095234014,0.0,0.0216413184270441,0.2858668,1.0
122,0.9117257339246878,0.5948832,1.0,0.8094112273690222,0.6562661,1.0,0.7551986693041103,0.5306601,1.0,0.9889381180606285,0.7427505,0.0,10.283093639714476,29.800976,0.0,0.014707779828349301,0.16693567,1.0,0.033052246749739,0.019745378,1.0,0.012457012461857426,0.09224447,1.0,0.01385407998712246,0.39504734,1.0
123,0.5912221768107354,0.4566682,1.0,0.7517277057993603,0.729483,1.0,0.3071633666693464,0.27233148,1.0,0.6754592928131183,0.7280637,1.0,56.31696827918901,48.396767,1.0,0.37563886936640745,0.25643322,1.0,0.0036546410315218174,0.001477374,1.0,0.7899165129733491,0.83577895,1.0,0.17207906733787143,0.6561875,1.0
124,0.24436870874623595,0.57831997,1.0,0.5136012674463042,0.6880354,1.0,0.10469966179473367,0.53573704,1.0,0.5121543640392225,0.7452581,0.0,11.11659547361995,26.32685,1.0,0.0384248771657828,0.06185478,1.0,0.00044255001752233146,0.004770634,1.0,0.06503610866533546,0.1489309,1.0,0.6412333079098533,0.41002533,1.0
125,0.7787591057909364,0.7453476,1.0,0.7183283486149452,0.73430777,1.0,0.9860945938941171,0.5007649,0.0,0.9500472495044785,0.7971647,1.0,81.11854426635061,47.117714,1.0,0.014595387988078645,0.055265624,1.0,0.0001326201839994499,0.0014552055,1.0,0.34907994187766517,0.95670825,0.0,1.4243091061904751,0.87116504,1.0
126,0.5383305969816808,0.5165767,1.0,0.7346114833923834,0.7779136,1.0,0.8365457250474064,0.56125695,1.0,0.8588606199144482,0.7361454,1.0,10.765218537519816,42.299595,0.0,0.5652745465548727,0.5497743,1.0,0.02200634882927159,0.012855886,1.0,0.2496991800958097,0.13717596,1.0,0.037443304608954446,0.42542955,1.0
127,0.5503378491893579,0.47912225,1.0,0.8057434296569663,0.70070004,1.0,0.9070464048188062,0.5492563,1.0,0.9082895393179169,0.7497727,1.0,11.280814012030445,31.265282,1.0,0.14017128010245328,0.0579301,1.0,0.004581589556926063,0.006166621,1.0,0.2104178429838475,0.29925662,1.0,1.3187381140693584,0.4121751,1.0
128,0.2669529242968114,0.5599025,1.0,0.5291903029560503,0.6945511,1.0,0.3236387685057015,0.52886146,1.0,0.866034917596852,0.73946774,1.0,16.411014493055937,26.9105,1.0,0.01605175793959206,0.06940856,1.0,0.00033710500166859997,0.0042896476,1.0,0.012896074504259714,0.11492027,1.0,0.9832596238381704,0.39696872,1.0
129,0.740672798978056,0.6304537,1.0,0.6155174054215624,0.6203519,1.0,0.6372343958039874,0.5197508,1.0,0.7538742408277259,0.73959386,1.0,28.313219549594397,28.210281,1.0,0.04638017103901157,0.14763567,1.0,0.007349989253405524,0.017768694,1.0,0.010290527715643054,0.10431575,0.0,0.03921651346567694,0.3949582,1.0
130,0.2309730237789257,0.45418903,1.0,0.7951344203751219,0.7986068,1.0,0.03346075129818771,0.7214124,0.0,0.5079724689704874,0.5528195,1.0,59.550527753603355,68.37984,1.0,1.2716597433549488,1.4618789,1.0,0.000557062105295172,0.0011875439,1.0,0.028153715831245898,0.035188496,1.0,0.41752760958245627,0.81979203,1.0
131,0.21403357827087655,0.18624574,1.0,0.8065403149332314,0.8507944,1.0,0.2280344566671465,0.56415737,1.0,0.8703650737087245,0.72901857,1.0,49.44456504699157,68.55171,1.0,0.5674406560288486,0.27044684,1.0,0.031723190896090964,1.5684505,1.0,0.1128153228697551,0.11524783,1.0,0.09031076862531619,0.3730708,1.0
132,0.277824985709911,0.3123895,1.0,0.9148753385034172,0.89055115,1.0,0.6502905614673393,0.56043655,1.0,0.8364702319543477,0.7174919,1.0,12.92844269314005,39.73478,1.0,0.0238798271817007,0.12062303,1.0,0.0015395719114207624,0.009782795,1.0,0.7065959161280213,0.44648692,1.0,0.017463963070522417,0.3641023,1.0
133,0.06096414121831906,0.50496113,1.0,0.9751389928102454,0.71245223,0.0,0.316311591051499,0.53564584,1.0,0.8092163517566964,0.7389973,1.0,12.787197824315804,27.939953,1.0,0.021149964761527248,0.103491515,1.0,0.00015717835809489204,0.0022598095,1.0,0.02472517940722139,0.093396276,1.0,0.010605286107067218,0.39860284,0.0
134,0.028847251148507613,0.11596492,1.0,0.6392824433953588,0.6790668,0.0,0.2097781733718158,0.44135788,1.0,0.7710411810699476,0.72643423,1.0,21.227470616381307,37.132984,1.0,0.37014951226565895,0.31250378,1.0,0.0030401534027610587,0.006161949,1.0,0.463994270479657,0.6787107,1.0,0.018300831809192727,0.25351262,1.0
135,0.8089567180812501,0.55443096,1.0,0.6794805698188697,0.6300955,1.0,0.8566680266714328,0.8361157,1.0,0.9395138294820294,0.86417466,1.0,23.045907026615314,31.499617,1.0,0.5365501458618444,0.706671,1.0,0.0013543158271544747,0.0015503435,1.0,0.2937802181713314,0.379854,1.0,0.012061704412713722,0.17320281,1.0
136,0.1542596938578965,0.18211621,1.0,0.9390620008656057,0.93527013,1.0,0.06506446203657001,0.5412385,1.0,0.6221481897796018,0.72214687,1.0,33.21092847927734,35.891747,1.0,0.013251078816082671,0.123491175,1.0,0.0052416257350996545,0.01610344,1.0,0.133842827596807,0.2743695,1.0,0.4358235231532954,0.36662447,1.0
137,0.5761004486245873,0.34204495,1.0,0.9672674061464608,0.86125904,1.0,0.698625906884386,0.6849568,1.0,0.9642647229727498,0.9812578,1.0,24.133478401734127,34.778305,1.0,0.9117882599783533,0.65384984,1.0,0.003279827480654723,0.001854083,1.0,0.07238497732866137,0.10728226,1.0,0.18116986352759115,0.38501623,1.0
138,0.01901600546331539,0.042080566,1.0,0.7980765328826649,0.7740122,1.0,0.0838231258016161,0.54120654,1.0,0.5633874279204572,0.68810785,1.0,35.996817006750796,57.794983,1.0,0.037460874006560695,0.34353307,1.0,0.005431620864968643,0.01468205,1.0,0.8731193760004411,1.0147704,1.0,0.1337824060983554,0.34247637,1.0
139,0.5939994077338863,0.543317,1.0,0.9289440394393813,0.91675407,1.0,0.8638456269345786,0.38696864,1.0,0.5400308604319606,0.858082,0.0,64.88939278094719,41.147423,1.0,0.025368556229335197,0.06688421,1.0,0.0012576842895494931,0.0090768505,1.0,0.3020870458863729,0.9863295,1.0,0.37870316053809894,0.35287154,1.0
140,0.912098761650896,0.9003301,1.0,0.6456262415904646,0.6769415,1.0,0.8929339791303899,0.86832327,1.0,0.8132389257711015,0.8391594,1.0,86.02470179596212,35.719883,1.0,0.6512091775440385,0.62986326,1.0,0.002726352515896258,0.0010153146,1.0,0.7076675319006012,0.865953,1.0,0.12777649053065965,0.06795989,1.0
141,0.2606898717353857,0.5440874,1.0,0.5404605939586908,0.7061091,1.0,0.23046480058324914,0.51866716,1.0,0.5324585988507584,0.7422978,1.0,15.963005645762795,25.769218,1.0,0.966586487974988,0.06327128,0.0,0.008299160870802302,0.0042124894,1.0,0.5005407800521853,0.10051778,0.0,0.07424197927617453,0.3930721,1.0
142,0.3805787782729706,0.26369494,0.0,0.9088179993162953,0.924119,1.0,0.45531904681289437,0.5720294,1.0,0.6556780740803712,0.6938494,1.0,52.39430093601319,66.29989,1.0,0.014394209574259622,0.081791244,1.0,0.010794670485557037,0.0042373696,1.0,1.8347873466875468,1.538686,1.0,1.2215197087712857,0.4832275,1.0
143,0.8099135886834541,0.5898829,1.0,0.7609656173096664,0.7389547,1.0,0.4857929797336642,0.5350698,1.0,0.5757430903848885,0.74357563,1.0,40.98446731106008,34.879623,1.0,0.2949005401700299,0.43500593,1.0,0.006161894193063318,0.013911333,1.0,0.03493972423457655,0.10706593,1.0,0.07814022741946235,0.41844827,1.0
144,0.14937496953262497,0.43971854,1.0,0.9256024053652883,0.8193209,1.0,0.019670469885854747,0.0631141,1.0,0.7385455227434967,0.7308148,1.0,36.29253012487324,30.645887,1.0,0.4986096082749461,0.96620023,1.0,0.0001436981030755138,0.0013579567,1.0,0.023313422145838515,0.07755115,1.0,0.4352898818416908,0.28974274,1.0
145,0.05476995782791927,0.43784222,1.0,0.8800362349094477,0.8820231,1.0,0.11308344537142356,0.20425016,1.0,0.732002697312774,0.7637172,1.0,11.08957350257868,34.512592,0.0,0.2805613847056852,0.28928736,1.0,0.0001480865960308547,0.003449344,0.0,0.21668737896008736,0.1899419,1.0,0.16952955809098666,0.36861295,1.0
146,0.8314604664690993,0.5685701,1.0,0.529749444869172,0.5213746,1.0,0.4268929636513811,0.54652214,1.0,0.5176084974167754,0.74427307,0.0,92.97941696965327,55.243633,0.0,1.0441417139749787,0.61887527,1.0,0.0006955877492932437,0.0012296526,1.0,0.1517192114420888,1.2232925,0.0,0.030520629260454044,0.08032077,1.0
147,0.997477092684407,0.47888625,0.0,0.7099464574070947,0.56313795,0.0,0.14670079906063016,0.24610348,1.0,0.602239523846374,0.6952511,1.0,42.69741976682713,33.543056,1.0,0.5834868585431422,0.41321087,1.0,0.002831130727836067,0.0028313082,1.0,0.21709759975342574,0.4880155,1.0,0.04396406332824332,0.08588052,1.0
148,0.4146470856613097,0.36132464,1.0,0.6679587823837907,0.7765942,1.0,0.38610161732599735,0.4271343,1.0,0.9389366072871133,0.92366785,1.0,39.76177704470742,52.83265,1.0,0.47798296482148694,1.2368654,1.0,0.002591638804524642,0.009410718,1.0,0.1605101599338333,0.10246753,1.0,0.9833304110140407,0.41451928,1.0
149,0.3261477576512931,0.577218,1.0,0.5317242231472674,0.68070847,1.0,0.250540251952694,0.60778123,1.0,0.5426355690113227,0.66180944,1.0,22.427502006942035,28.605837,1.0,0.592444292162542,0.2975589,1.0,0.0004932089877548191,0.00082768395,1.0,0.13912291496564275,0.18358065,1.0,0.30685943778700026,0.3105896,1.0
150,0.9022989124779477,0.9032473,1.0,0.9378902378979237,0.9363041,1.0,0.37680986003605077,0.5020514,1.0,0.994486666782086,0.76364493,0.0,19.49495788152266,45.71909,1.0,0.014813914674736979,0.064419374,1.0,0.00040091133165890986,0.0019894983,1.0,1.8951762989244612,1.1652215,1.0,0.011072022902955322,0.21230228,0.0
151,0.5779369197341118,0.4928099,1.0,0.974684827925778,0.77396905,1.0,0.34156342924912386,0.49861705,1.0,0.9956275486067776,0.73460037,0.0,59.59868371091007,35.653133,1.0,0.13968838405964532,0.12949185,1.0,0.005356388212049452,0.023720881,0.0,0.012235885857005888,0.13383532,0.0,0.05408304942528705,0.38797754,1.0
152,0.8718451320118024,0.8679459,1.0,0.852929748332614,0.8676486,1.0,0.942223576831847,0.70547044,1.0,0.554791896612262,0.6338266,1.0,62.80279686372195,39.749176,1.0,0.32636931312775,0.8183229,1.0,0.00022701414545060137,0.0011535648,1.0,0.228887776544715,0.60203254,1.0,0.03129010971210268,0.32822216,0.0
153,0.4027046433226411,0.3068086,1.0,0.7691470276666106,0.8723325,1.0,0.6987517521629022,0.61975724,1.0,0.7214123627636098,0.72900724,1.0,98.67003191914395,73.87847,0.0,1.6402127322830191,1.6029477,1.0,0.0009392003270824326,0.00036357297,0.0,0.6218800750433243,0.92198753,1.0,0.01828400086971242,0.042716056,1.0
154,0.08490042109097518,0.15407012,1.0,0.5528060241573645,0.5598568,1.0,0.6852156943176811,0.5025544,1.0,0.7144311231943599,0.7488753,1.0,51.46693827959664,32.75654,1.0,0.36617254887368134,0.5880226,1.0,0.0006017952997921474,0.000988756,1.0,0.3188178747031745,0.7787471,1.0,0.04388887132629882,0.122940145,1.0
155,0.24275839016811118,0.20991702,1.0,0.7523673651304885,0.83396494,0.0,0.787245381418732,0.6051111,1.0,0.6529355951407345,0.6977948,1.0,53.24292005289627,62.030834,1.0,0.6054293370023536,0.7319159,1.0,0.0007503228778889125,0.0016139183,1.0,0.8778721180722924,1.2450224,1.0,0.3065773401796637,0.74041325,1.0
156,0.3553322278588359,0.31417516,1.0,0.8887498413159365,0.9062014,1.0,0.47296863383901055,0.49238816,1.0,0.6721016878743068,0.74679226,1.0,19.23070618381748,32.102417,1.0,0.09845424418880591,0.063202605,1.0,0.009453567524760037,0.005990295,1.0,0.2906648140997088,0.2440398,1.0,0.1259322634547477,0.39891985,1.0
157,0.014119190812835747,0.18555981,1.0,0.9614571794596969,0.96476305,1.0,0.8393201228751942,0.37471277,0.0,0.67688638160491,0.60636294,1.0,26.813804278993477,39.831985,1.0,0.7155710911787232,0.815817,1.0,0.0001918155080723179,0.00061698706,1.0,1.664027088200932,0.83620363,1.0,0.15275422584602052,0.53423876,1.0
158,0.8388644465594965,0.48310304,1.0,0.988426927489964,0.7945087,0.0,0.9610363601217261,0.5414553,1.0,0.8237048255199251,0.73980355,1.0,17.353184730662946,30.602371,1.0,0.02137281798206427,0.09283382,1.0,0.0005078660172459729,0.003797956,1.0,0.1071151818206157,0.17531909,1.0,0.43900094837896536,0.3987495,1.0
159,0.8539388272290477,0.5181979,1.0,0.7816914564650524,0.7352611,1.0,0.7732899419426057,0.5731001,1.0,0.9637967539370542,0.8048783,1.0,29.792015692597637,62.58768,0.0,0.9475874681363332,1.0454447,1.0,0.04716142112502902,0.025389854,0.0,0.01892336854733234,0.10930875,1.0,1.2573992589172782,0.3996017,1.0
160,0.0042041031901629555,0.5487925,0.0,0.5052473194334055,0.5216754,1.0,0.5292303840405834,0.5271307,1.0,0.9590273992795032,0.7407097,1.0,47.85159978586484,55.022038,1.0,1.0961664725599534,0.6572492,1.0,0.002805949938940273,0.0012918975,1.0,0.5250151298493909,1.2241063,0.0,0.01024802926179225,0.08676363,0.0
161,0.4982327218418481,0.56413454,1.0,0.5751981124772816,0.67719996,1.0,0.26230278945792396,0.5285332,1.0,0.9227255816086125,0.7344352,1.0,61.464701492995566,47.855812,1.0,0.551801591435717,0.3401918,1.0,0.024633952628291173,0.030925777,1.0,0.4352433400768658,0.09668469,0.0,0.7062357039970796,0.40317056,1.0
162,0.26944568052889717,0.3405103,1.0,0.9683124155236682,0.85839105,1.0,0.6654483064108686,0.55066663,1.0,0.6275879736308425,0.7605288,1.0,10.405273271988255,45.782047,0.0,0.9055006080742483,0.5378836,1.0,0.01273668636671134,0.012546307,1.0,0.19283006709093528,0.1719451,1.0,0.0478319764571212,0.3975747,1.0
163,0.8229625050416484,0.601835,1.0,0.5107475729454853,0.62248975,1.0,0.9295694487672485,0.5283917,1.0,0.6107141787998853,0.73319703,1.0,10.658022827307272,30.42809,0.0,0.12644087397040887,0.14633545,1.0,0.04244441321605071,0.020226952,0.0,0.9223710742682404,0.10532343,0.0,1.58956536596237,0.41843995,1.0
164,0.32677686578889964,0.36197534,1.0,0.7435329429754802,0.86740273,1.0,0.2008122823159777,0.5209927,1.0,0.5380609931810324,0.75201017,1.0,20.41072520874077,33.82908,1.0,0.014378442839148745,0.0726891,1.0,0.016267628637088895,0.005628763,1.0,0.25741311871031664,0.13733771,1.0,1.8231477670033398,0.3685977,0.0
165,0.0024393739627480704,0.5887919,0.0,0.5728752401092814,0.6432432,1.0,0.027913081478484703,0.53193295,0.0,0.7901090655094558,0.73481214,1.0,19.81163025183558,32.13655,1.0,0.2636596380774764,0.1446517,1.0,0.018385784435752103,0.022314431,1.0,0.0326468348645828,0.12209613,1.0,0.10107293185776807,0.3749367,1.0
166,0.3542317695212456,0.15335205,1.0,0.9045783524070741,0.8869454,1.0,0.7289061208547839,0.63164407,1.0,0.9105356096811024,0.804445,1.0,44.893268297038176,64.64545,1.0,0.9656063698211799,42488.395,1.0,0.038860383998663366,0.025084415,1.0,0.3383452645551152,0.19356787,1.0,0.3848416552378067,0.35772392,1.0
167,0.9901559473516208,0.5924009,0.0,0.8213725482673954,0.644915,1.0,0.0856304064231076,0.5377811,1.0,0.7329247207336463,0.7362637,1.0,49.60497219252045,26.27618,1.0,0.04085046697311759,0.069855995,1.0,0.00399607871514822,0.0070339516,1.0,0.04785802686994668,0.1370545,1.0,0.16323124790246388,0.420929,1.0
168,0.7432422527435708,0.56917006,1.0,0.9818766392076734,0.6741331,0.0,0.7038240622603525,0.51055074,1.0,0.6554254483112429,0.7506758,1.0,10.134563803135634,27.330112,0.0,0.013945142794364955,0.06865703,1.0,0.000740172874643414,0.0024999627,1.0,0.06373939918284943,0.23360085,1.0,0.23113966885026452,0.44654405,1.0
169,0.1509472963430294,0.3299704,1.0,0.7196939554709632,0.85487443,1.0,0.1057914142359575,0.541808,1.0,0.6921398611809932,0.7474407,1.0,51.1707535626172,47.616577,1.0,0.13702068092645772,0.2243609,1.0,0.018084477538885566,0.02280318,1.0,0.09217572558850093,0.09823534,1.0,1.090828493115085,0.41095865,1.0
170,0.5038503505054617,0.30084735,1.0,0.8099600391661224,0.75106853,1.0,0.8907540385867552,0.56867677,1.0,0.7754491757421125,0.72400755,1.0,18.041612294374538,45.016216,1.0,0.016606407243725543,0.12544987,1.0,0.03459813153508965,0.019481873,1.0,0.7992300877130523,0.62140536,1.0,0.5009861385413451,0.41060093,1.0
171,0.41576123761203077,0.53498167,1.0,0.8054731158866317,0.68598974,1.0,0.8772202061662445,0.5136157,1.0,0.5338364670474469,0.73547465,1.0,14.908160606065731,25.56195,1.0,0.21814625239913246,0.06777507,1.0,0.00439877754934942,0.0031884534,1.0,0.07183728917460254,0.11519701,1.0,0.9441627225936026,0.39182305,1.0
172,0.7343688231957253,0.726844,1.0,0.9113362128482687,0.9040002,1.0,0.9738512710396672,0.5141067,0.0,0.5025408120268683,0.6974531,0.0,20.323953168889084,40.054516,1.0,0.2629610580427835,0.24356958,1.0,0.0036731672566041713,0.0025856274,1.0,1.71243993096143,0.9646803,1.0,0.012952972358279911,0.28221515,1.0
173,0.911657475926736,0.28576705,0.0,0.5064963050720999,0.5232734,1.0,0.4454327852174985,0.56248,1.0,0.6587986512910347,0.7211897,1.0,26.711824963550875,45.741653,1.0,0.02448615196558302,0.46521923,1.0,0.00048810595942975257,0.0020637983,1.0,1.8516137826140089,1.0695982,0.0,0.010788830130344942,0.07802924,0.0
174,0.21066638601680632,0.42041954,1.0,0.6089626672459728,0.82516164,0.0,0.8796094043363017,0.5301467,1.0,0.602785295726898,0.7343175,1.0,49.585024682607774,32.28897,1.0,0.04027396602136888,0.0883249,1.0,0.0036381894970959746,0.004626057,1.0,0.199145593999997,0.1683149,1.0,0.4670496335744766,0.3933458,1.0
175,0.6530311616796386,0.4979112,1.0,0.7118263569690464,0.69809544,1.0,0.6262491996114777,0.51190466,1.0,0.655636782089485,0.76356876,1.0,31.359678512780686,50.318455,1.0,0.20570922114735915,0.07070009,1.0,0.006505302165543247,0.003902456,1.0,1.3783712457819561,1.0193677,1.0,0.5618220089819349,0.451864,1.0
176,0.47400442281536703,0.48218432,1.0,0.8413517083640325,0.84865636,1.0,0.9028105264620598,0.5585186,1.0,0.6253671444438083,0.7143247,1.0,79.46184261784222,36.65988,1.0,0.02684952422478156,0.104364045,1.0,0.0020720872106243147,0.0022830165,1.0,0.3807207610286457,0.9061171,1.0,0.06325769490361394,0.41975418,1.0
177,0.4348042897828668,0.3559234,1.0,0.642513303770391,0.64334166,1.0,0.6868595641817591,0.5932488,1.0,0.8544215573803864,0.80231494,1.0,25.51894772523471,55.763813,1.0,0.045355560002543066,0.053384088,1.0,0.00020020998570189543,0.001023382,1.0,1.5877363261111659,1.3186046,1.0,0.01050923105427211,0.029052164,0.0
178,0.09065768316041456,0.55946726,1.0,0.5167510196141216,0.7105799,0.0,0.04380232543234497,0.53367937,0.0,0.8179722955530446,0.7236384,1.0,13.042503155311966,28.279917,1.0,0.05494035734704493,0.12506334,1.0,0.009716959828307174,0.0015407047,0.0,1.6149818956772721,0.15304863,0.0,0.2918700139569701,0.42303938,1.0
179,0.4104756861484906,0.5365982,1.0,0.5489220686400837,0.7067318,1.0,0.0031316835388870423,0.5284073,0.0,0.6497774723443509,0.741407,1.0,85.17153456123027,27.833261,0.0,0.017017855438921634,0.088394135,1.0,0.00027260277210827954,0.0027190219,1.0,0.037479558302691736,0.11349876,1.0,0.16420559212074146,0.388518,1.0
180,0.3562457431932726,0.8295832,0.0,0.5883110569500338,0.6697254,1.0,0.1185126499507726,0.57957816,1.0,0.9369353390416346,0.73206073,1.0,49.05109530027218,36.895016,1.0,0.0477634107200624,0.087817386,1.0,0.0006327660648824601,0.0006684742,1.0,0.36699912424020475,0.6560187,1.0,0.1377635844481668,0.767315,1.0
181,0.7770806280941436,0.5896979,1.0,0.9109107939542467,0.61226434,0.0,0.574639770924903,0.6177728,1.0,0.7481541978279928,0.7926767,1.0,44.91931927968714,35.616665,1.0,0.54135743611079,1.1362288,1.0,0.0007184075526936943,0.0023554554,1.0,0.012555438045681525,0.07089242,1.0,0.1993585714772893,0.4243111,1.0
182,0.4612840087006549,0.5527293,1.0,0.5572916918576425,0.6678468,1.0,0.27881381487037726,0.5276018,1.0,0.531415911851995,0.7366991,1.0,21.542344715514666,27.488472,1.0,0.017872732211053625,0.10205563,1.0,0.009464984653317828,0.010721847,1.0,0.09501281026342642,0.112048894,1.0,0.06453340666684412,0.41919616,1.0
183,0.8570371173652824,0.5940187,1.0,0.7106204578304729,0.6443377,1.0,0.3555837186706138,0.538653,1.0,0.6847654361439582,0.7397176,1.0,24.39768567334067,26.238735,1.0,0.0278578103326022,0.06692426,1.0,0.003633963419099768,0.0050587454,1.0,0.13697351532096394,0.15116514,1.0,0.7131809671025282,0.4197658,1.0
184,0.9058970755311098,0.54649645,1.0,0.5034019587051335,0.52175105,1.0,0.688981455485939,0.52269936,1.0,0.6124382457621718,0.73313206,1.0,52.77281415788748,54.351234,1.0,0.12277594749125723,20897.662,1.0,0.0009492958598342323,0.0013226862,1.0,0.9920103804286733,1.2423967,1.0,0.01776249036640381,0.08447641,1.0
185,0.46838444874610907,0.31114313,1.0,0.9963500483719265,0.9819036,1.0,0.7634360458635966,0.7466046,1.0,0.9842027143213854,0.9766748,1.0,99.3208342814575,45.38258,0.0,0.07606753385160846,0.5430892,0.0,0.00040190906439863886,0.0059343264,0.0,0.17006618556502037,0.808632,0.0,0.04301806746270195,0.49795225,1.0
186,0.3747786967349186,0.25449696,1.0,0.9627640718609966,0.96567714,1.0,0.023269420093639304,0.5329561,0.0,0.9464547886580286,0.76675355,1.0,82.9636747724176,58.244217,1.0,0.23806183179037363,0.24793321,1.0,0.025804108380593195,0.029010504,1.0,0.2413085002767458,0.4085225,1.0,0.9230443829462394,0.3608506,1.0
187,0.6040126651638563,0.23567304,0.0,0.9437523174835045,0.9002866,1.0,0.6276073764020546,0.5349914,1.0,0.820793850379118,0.7507312,1.0,37.98568670810389,36.666348,1.0,0.3625980812274616,0.11881362,1.0,0.011888204783311951,0.010345574,1.0,0.14557086000713337,0.1399581,1.0,0.3617812795263672,0.37250298,1.0
188,0.6952337134812019,0.22039747,0.0,0.6561780640235733,0.63403404,1.0,0.44940764627384444,0.5246794,1.0,0.8812016392020277,0.8372297,1.0,11.188244199418477,31.642084,1.0,0.6299931137538453,0.3496711,1.0,0.0001228425493711898,0.0010129255,1.0,0.5014033677941698,0.40321246,1.0,0.02154289599789834,0.2811338,1.0
189,0.25065124486654355,0.27038202,1.0,0.7894381675534488,0.8226156,1.0,0.8813169797594597,0.60985804,1.0,0.6321908206414495,0.70047325,1.0,84.14350941135098,34.53629,0.0,0.02462687453483412,0.2011232,1.0,0.00011935373098657628,0.001101799,1.0,0.08577083033527665,0.30646417,1.0,0.8518019662114001,0.4231604,1.0
190,0.5642426835492826,0.5722712,1.0,0.5114731402400388,0.67861885,1.0,0.9243933965947048,0.53020316,1.0,0.5134150107181027,0.74113643,0.0,63.845700213056226,28.589144,1.0,0.03204460170085103,0.13546613,1.0,0.001467811066652158,0.008270058,1.0,0.038541000100857606,0.08978214,1.0,0.2603976330107434,0.3980557,1.0
191,0.6722058219030517,0.554031,1.0,0.6521047478855486,0.66595393,1.0,0.33342688941195364,0.5390748,1.0,0.5319684423933707,0.73490685,1.0,33.56753129359219,30.217848,1.0,0.6129403860985505,0.19397841,1.0,0.0034311408809862645,0.006799408,1.0,0.011987875720169067,0.08426911,1.0,1.5684635083661624,0.41920757,1.0
192,0.5100023576013044,0.6164409,1.0,0.8530965669761208,0.6191312,1.0,0.24017445761082934,0.50706726,1.0,0.8571090455813084,0.73261863,1.0,11.995548084049764,27.332176,1.0,0.05908218994328634,0.07652197,1.0,0.00022407730432863018,0.0047828415,0.0,0.019728565808693636,0.1266327,1.0,0.03830629074926442,0.43826395,1.0
193,0.6521453996906266,0.4762586,1.0,0.7265377453304653,0.7738765,1.0,0.1865515637033155,0.18347965,1.0,0.8772876017501111,0.917266,1.0,11.408989902223766,34.529884,1.0,0.9006375025582057,0.6818998,1.0,0.0016280796053266312,0.0024860248,1.0,0.12922987696561913,0.06566043,1.0,1.157979388987266,0.38221294,1.0
194,0.2905720545478828,0.5567535,1.0,0.5675325401602703,0.66975546,1.0,0.17306427766820875,0.5300388,1.0,0.9705828311740139,0.74210155,0.0,28.424410547854457,27.89525,1.0,0.019004859617099475,0.08464108,1.0,0.010020678757312442,0.0017790837,0.0,0.5712880042225579,0.20775457,1.0,0.14700655947225172,0.4804787,1.0
195,0.6046726163189943,0.5918089,1.0,0.519541704517485,0.63085544,1.0,0.1318158074870861,0.5346442,1.0,0.6940233313108213,0.7317948,1.0,10.651382613979369,26.37936,0.0,0.02044747584615007,0.111450575,1.0,0.00019403938941920556,0.010605923,0.0,0.09753116987045123,0.115826644,1.0,0.037827851569537364,0.4224633,1.0
196,0.34774501938793945,0.38995996,1.0,0.7178206742730959,0.8589629,0.0,0.23941057016644496,0.52404016,1.0,0.856638409852044,0.7485351,1.0,12.5339263879142,32.03872,1.0,0.05318447997804338,0.07616896,1.0,0.03854678812832609,0.00432012,0.0,0.9836594394130193,0.18840851,0.0,0.8334193143056278,0.3921107,1.0
197,0.48052342058279807,0.5800101,1.0,0.569930734474251,0.6496526,1.0,0.23780482381198442,0.20776352,1.0,0.8419124516678077,0.87355435,1.0,11.547065496874783,28.401825,1.0,0.3881709748192076,0.30795452,1.0,0.0013470057701022555,0.0014097395,1.0,0.053638379765451064,0.07798916,1.0,0.3451637403155381,141.29822,1.0
198,0.19012283055569212,0.5770893,1.0,0.6099882207672294,0.6768429,0.0,0.2235489243693919,0.44369265,1.0,0.9425038841128017,0.8596979,1.0,21.630155160250094,51.339478,1.0,0.1384680463512207,0.05983134,1.0,0.002657639395627671,0.0019740968,1.0,1.7577724537876316,1.1484627,1.0,0.10333498903130775,0.050822724,1.0
199,0.5211933476898467,0.51007503,1.0,0.5983654800783736,0.73218167,1.0,0.6271821108077903,0.56784534,1.0,0.6766979506838573,0.7484365,1.0,21.044852086949703,38.505135,1.0,0.028341985803360906,0.36788324,1.0,0.048449951664089934,0.01857614,0.0,0.41407844418003176,0.10121096,1.0,1.6417501342393384,0.39576098,0.0
