index,mean,std,5%,50%,95%,subject_id,subject_year
q_d_n,0.4927699536085129,0.17305125068195887,0.28001248836517334,0.4803934544324875,0.7668166935443878,SUB,001.csv
q_d,0.7262121915817261,0.17203625465874808,0.557578906416893,0.6897435486316681,0.9562030762434005,SUB,001.csv
q_s_n,0.3244895162060857,0.25219177233320084,0.02793808011338115,0.2726731300354004,0.7296312808990475,SUB,001.csv
q_s,0.7310125172138214,0.13043717343954994,0.579155096411705,0.7109112441539764,0.9294714689254759,SUB,001.csv
inv_temp,87.42147750854492,7.5658542220744,74.85906181335449,88.94165420532227,95.87557563781738,SUB,001.csv
cost_stop_error,0.4338594104583888,0.15516596735216645,0.27206237970720387,0.3898249541530217,0.6945826109048854,SUB,001.csv
cost_time,0.0010000000000000002,2.28569887277129e-19,0.001,0.001,0.001,SUB,001.csv
cost_go_error,1.0,0.0,1.0,1.0,1.0,SUB,001.csv
cost_go_missing,1.0,0.0,1.0,1.0,1.0,SUB,001.csv
rate_stop_trial,0.16666666666666669,2.925694557147251e-17,0.16666666666666666,0.16666666666666666,0.16666666666666666,SUB,001.csv
q_d_n,0.48787689208984375,0.20477570799751688,0.20128224194049835,0.5231983661651611,0.7375277161598205,SUB,002.csv
q_d,0.7722594499588012,0.14670449050685028,0.5810486912727356,0.8134315013885498,0.951815378665924,SUB,002.csv
q_s_n,0.38143394254148005,0.23584585031314648,0.08360057715326548,0.3406831920146942,0.642569050192833,SUB,002.csv
q_s,0.6469000399112701,0.0935660348910956,0.5252983033657074,0.6610209345817566,0.7539982199668884,SUB,002.csv
inv_temp,85.17427368164063,7.980032200954948,73.37616729736328,86.34447860717773,95.5068603515625,SUB,002.csv
cost_stop_error,0.5815664380479932,0.22949820432539364,0.31970084214845457,0.5148202645239337,0.9190320217672536,SUB,002.csv
cost_time,0.0010000000000000002,2.28569887277129e-19,0.001,0.001,0.001,SUB,002.csv
cost_go_error,1.0,0.0,1.0,1.0,1.0,SUB,002.csv
cost_go_missing,1.0,0.0,1.0,1.0,1.0,SUB,002.csv
rate_stop_trial,0.16666666666666669,2.925694557147251e-17,0.16666666666666666,0.16666666666666666,0.16666666666666666,SUB,002.csv
q_d_n,0.5748619019985199,0.1788212566199458,0.297447469830513,0.5930846035480499,0.7877848923206329,SUB,003.csv
q_d,0.7528523206710815,0.15136985408575102,0.5418641954660416,0.7468274235725403,0.9527811616659164,SUB,003.csv
q_s_n,0.575417023897171,0.3079947792381518,0.19347990602254866,0.6284779906272888,0.9478311210870742,SUB,003.csv
q_s,0.6755697667598725,0.09891940664954744,0.547353196144104,0.6566114723682404,0.8016130656003951,SUB,003.csv
inv_temp,87.63839569091797,11.341581807041964,68.89635009765625,90.6231918334961,98.03551292419434,SUB,003.csv
cost_stop_error,0.68201175233948,0.3609953638469886,0.36020511858041,0.6115968010588256,1.25538247796443,SUB,003.csv
cost_time,0.0010000000000000002,2.28569887277129e-19,0.001,0.001,0.001,SUB,003.csv
cost_go_error,1.0,0.0,1.0,1.0,1.0,SUB,003.csv
cost_go_missing,1.0,0.0,1.0,1.0,1.0,SUB,003.csv
rate_stop_trial,0.16666666666666669,2.925694557147251e-17,0.16666666666666666,0.16666666666666666,0.16666666666666666,SUB,003.csv
q_d_n,0.43731013387441636,0.1540174727941721,0.27109072282910346,0.42001424729824066,0.6720308721065519,SUB,004.csv
q_d,0.7437948524951935,0.16731320586574844,0.533739110827446,0.7510075569152832,0.9429070681333541,SUB,004.csv
q_s_n,0.48348628282546996,0.31075624127654083,0.1682835690677166,0.35140956938266754,0.9082963317632674,SUB,004.csv
q_s,0.6603422701358795,0.05772509136940717,0.5833004623651504,0.6626272201538086,0.7356933802366256,SUB,004.csv
inv_temp,86.12837295532226,8.462749247925212,73.24286651611328,86.42257308959961,96.53614120483398,SUB,004.csv
cost_stop_error,0.32971400683082885,0.11220732608281622,0.18910450574243062,0.3229685108189171,0.5033243261186925,SUB,004.csv
cost_time,0.0010000000000000002,2.28569887277129e-19,0.001,0.001,0.001,SUB,004.csv
cost_go_error,1.0,0.0,1.0,1.0,1.0,SUB,004.csv
cost_go_missing,1.0,0.0,1.0,1.0,1.0,SUB,004.csv
rate_stop_trial,0.16666666666666669,2.925694557147251e-17,0.16666666666666666,0.16666666666666666,0.16666666666666666,SUB,004.csv
q_d_n,0.3948221517726779,0.3067502647048119,0.07707113297656179,0.2683553397655487,0.8513050138950345,SUB,005.csv
q_d,0.7380605459213256,0.12950766126981444,0.5932693243026733,0.7088686227798462,0.9437081068754196,SUB,005.csv
q_s_n,0.6369284100830555,0.2666344449066206,0.22490580342710018,0.7026187777519226,0.9265449732542037,SUB,005.csv
q_s,0.6648276686668396,0.09538669843655272,0.5495524764060974,0.6550315320491791,0.7944688528776168,SUB,005.csv
inv_temp,83.56860389709473,13.178128950971221,60.70942134857178,85.76387023925781,97.74146842956543,SUB,005.csv
cost_stop_error,0.51588043593294,0.27028349464374757,0.2637490980025842,0.4067067845138458,0.9792571920534059,SUB,005.csv
cost_time,0.0010000000000000002,2.28569887277129e-19,0.001,0.001,0.001,SUB,005.csv
cost_go_error,1.0,0.0,1.0,1.0,1.0,SUB,005.csv
cost_go_missing,1.0,0.0,1.0,1.0,1.0,SUB,005.csv
rate_stop_trial,0.16666666666666669,2.925694557147251e-17,0.16666666666666666,0.16666666666666666,0.16666666666666666,SUB,005.csv
q_d_n,0.3034546636044979,0.17834586675113223,0.08472408168017864,0.30164021253585815,0.5797541260719298,SUB,006.csv
q_d,0.7454308569431305,0.09729634442393004,0.5990198910236358,0.7496722638607025,0.8865477949380874,SUB,006.csv
q_s_n,0.6036418914794922,0.27337897352283835,0.1453448385000229,0.6716811656951904,0.8963910937309264,SUB,006.csv
q_s,0.6396456718444824,0.08993652888453442,0.533894494175911,0.6282182931900024,0.769335576891899,SUB,006.csv
inv_temp,88.33992996215821,7.863455383690591,75.59380950927735,89.50237655639648,97.26089706420898,SUB,006.csv
cost_stop_error,0.3692900280991353,0.12972691198341485,0.19102792233571414,0.3482348366207948,0.5226764522900917,SUB,006.csv
cost_time,0.0010000000000000002,2.28569887277129e-19,0.001,0.001,0.001,SUB,006.csv
cost_go_error,1.0,0.0,1.0,1.0,1.0,SUB,006.csv
cost_go_missing,1.0,0.0,1.0,1.0,1.0,SUB,006.csv
rate_stop_trial,0.16666666666666669,2.925694557147251e-17,0.16666666666666666,0.16666666666666666,0.16666666666666666,SUB,006.csv
q_d_n,0.46766607761383056,0.15141329893495795,0.2830715388059616,0.47269725799560547,0.679345405101776,SUB,007.csv
q_d,0.7385819554328918,0.16455577148910777,0.5485584437847137,0.7413053810596466,0.9354961454868316,SUB,007.csv
q_s_n,0.5264193199574947,0.3098308704002038,0.07682454846799373,0.5784968733787537,0.9017603069543837,SUB,007.csv
q_s,0.7310011148452759,0.09079877065015607,0.610976031422615,0.7276338040828705,0.8749967992305755,SUB,007.csv
inv_temp,85.07290840148926,12.189673040202155,65.157301902771,88.13840103149414,96.63498268127441,SUB,007.csv
cost_stop_error,0.4117738770630231,0.15034062917150579,0.23811609388362376,0.40045896472332276,0.63961637862087,SUB,007.csv
cost_time,0.0010000000000000002,2.28569887277129e-19,0.001,0.001,0.001,SUB,007.csv
cost_go_error,1.0,0.0,1.0,1.0,1.0,SUB,007.csv
cost_go_missing,1.0,0.0,1.0,1.0,1.0,SUB,007.csv
rate_stop_trial,0.16666666666666669,2.925694557147251e-17,0.16666666666666666,0.16666666666666666,0.16666666666666666,SUB,007.csv
q_d_n,0.45582422614097595,0.15704240590462815,0.25851042866706847,0.4304817020893097,0.6816500693559646,SUB,008.csv
q_d,0.8676947295665741,0.06541086361712314,0.7714925974607467,0.8609469830989838,0.9477336794137955,SUB,008.csv
q_s_n,0.6105168834328651,0.335234861411804,0.2030216433107853,0.6082132160663605,0.9632696986198426,SUB,008.csv
q_s,0.6692659854888916,0.06290485490934769,0.5805394619703292,0.664184957742691,0.7558786988258361,SUB,008.csv
inv_temp,83.82018508911133,11.011506227407963,67.05743789672852,87.03413391113281,95.32110290527343,SUB,008.csv
cost_stop_error,0.23099865763293384,0.058484987460789374,0.15149156790244153,0.2309009656167046,0.31234417061607656,SUB,008.csv
cost_time,0.0010000000000000002,2.28569887277129e-19,0.001,0.001,0.001,SUB,008.csv
cost_go_error,1.0,0.0,1.0,1.0,1.0,SUB,008.csv
cost_go_missing,1.0,0.0,1.0,1.0,1.0,SUB,008.csv
rate_stop_trial,0.16666666666666669,2.925694557147251e-17,0.16666666666666666,0.16666666666666666,0.16666666666666666,SUB,008.csv
q_d_n,0.41687422096729276,0.16022278102324602,0.23226620703935624,0.3667634576559067,0.6333440750837326,SUB,009.csv
q_d,0.8027714848518371,0.14290325451879263,0.6110540568828583,0.8316734731197357,0.9645982921123504,SUB,009.csv
q_s_n,0.4548580255359411,0.29878071902041137,0.053477327711880206,0.4416512995958328,0.8626003831624983,SUB,009.csv
q_s,0.7922584295272828,0.10514852608767358,0.6190055698156357,0.8125995695590973,0.9041347295045853,SUB,009.csv
inv_temp,84.59202842712402,11.741844784585304,67.7738561630249,83.7706069946289,98.24056816101074,SUB,009.csv
cost_stop_error,0.8016670029845617,0.4252340882562641,0.2210898198867561,0.7948426923160345,1.3846566538344713,SUB,009.csv
cost_time,0.0010000000000000002,2.28569887277129e-19,0.001,0.001,0.001,SUB,009.csv
cost_go_error,1.0,0.0,1.0,1.0,1.0,SUB,009.csv
cost_go_missing,1.0,0.0,1.0,1.0,1.0,SUB,009.csv
rate_stop_trial,0.16666666666666669,2.925694557147251e-17,0.16666666666666666,0.16666666666666666,0.16666666666666666,SUB,009.csv
q_d_n,0.3626165628433228,0.10333379053583465,0.21467096358537674,0.3529367744922638,0.4962884351611137,SUB,010.csv
q_d,0.8316667556762696,0.16368503505228754,0.6015716075897217,0.8794633448123932,0.9968294054269791,SUB,010.csv
q_s_n,0.2679737012833357,0.19882110156659913,0.06282100398093463,0.1750958189368248,0.5317891180515288,SUB,010.csv
q_s,0.71165851354599,0.1070776504434259,0.5728507310152053,0.7050606906414032,0.8794149577617645,SUB,010.csv
inv_temp,87.02766723632813,8.322792271029279,75.02501029968262,89.36934280395508,95.75950508117675,SUB,010.csv
cost_stop_error,0.6161739198010749,0.2919310789990238,0.22850858329575569,0.5847155682619596,1.0567522749802623,SUB,010.csv
cost_time,0.0010000000000000002,2.28569887277129e-19,0.001,0.001,0.001,SUB,010.csv
cost_go_error,1.0,0.0,1.0,1.0,1.0,SUB,010.csv
cost_go_missing,1.0,0.0,1.0,1.0,1.0,SUB,010.csv
rate_stop_trial,0.16666666666666669,2.925694557147251e-17,0.16666666666666666,0.16666666666666666,0.16666666666666666,SUB,010.csv
q_d_n,0.4903698697686195,0.17006521091568466,0.22895296588540076,0.5236895382404327,0.7093333423137663,SUB,011.csv
q_d,0.7284959197044373,0.13230554415761164,0.5496610194444657,0.7192704379558563,0.8996889054775237,SUB,011.csv
q_s_n,0.42115250080823896,0.24669973092050215,0.12609794959425927,0.3889063596725464,0.7876807540655133,SUB,011.csv
q_s,0.7464275181293487,0.15054185664767122,0.5593483507633209,0.7300752103328705,0.9815546542406082,SUB,011.csv
inv_temp,79.82601165771484,9.156953938504508,67.23269309997559,80.34155654907227,91.77998123168945,SUB,011.csv
cost_stop_error,0.5202487022981179,0.1929134364092494,0.22810799756862374,0.5902211089983136,0.7178628891576827,SUB,011.csv
cost_time,0.0010000000000000002,2.28569887277129e-19,0.001,0.001,0.001,SUB,011.csv
cost_go_error,1.0,0.0,1.0,1.0,1.0,SUB,011.csv
cost_go_missing,1.0,0.0,1.0,1.0,1.0,SUB,011.csv
rate_stop_trial,0.16666666666666669,2.925694557147251e-17,0.16666666666666666,0.16666666666666666,0.16666666666666666,SUB,011.csv
q_d_n,0.46876808553934096,0.15509958304165491,0.2386108495295048,0.46442732214927673,0.6769308060407638,SUB,012.csv
q_d,0.7228050768375397,0.12142837880738848,0.5577269732952118,0.7659766674041748,0.8737927049398422,SUB,012.csv
q_s_n,0.4261927089653909,0.28972110434132253,0.0330691593233496,0.4717585891485214,0.766103059053421,SUB,012.csv
q_s,0.7117941737174988,0.12340896890419238,0.6106929779052734,0.6515192687511444,0.9170937061309813,SUB,012.csv
inv_temp,87.51416473388672,11.820397089791195,68.42500686645508,90.91468811035156,99.11395301818848,SUB,012.csv
cost_stop_error,0.38685521406745166,0.1310798013891895,0.2625238097292902,0.36122365224906017,0.6123155830595203,SUB,012.csv
cost_time,0.0010000000000000002,2.28569887277129e-19,0.001,0.001,0.001,SUB,012.csv
cost_go_error,1.0,0.0,1.0,1.0,1.0,SUB,012.csv
cost_go_missing,1.0,0.0,1.0,1.0,1.0,SUB,012.csv
rate_stop_trial,0.16666666666666669,2.925694557147251e-17,0.16666666666666666,0.16666666666666666,0.16666666666666666,SUB,012.csv
q_d_n,0.41254701763391494,0.14318439761002824,0.19549524262547494,0.4071732461452484,0.6068858087062835,SUB,013.csv
q_d,0.8239695131778717,0.07337984467599143,0.7333121329545975,0.8268752694129944,0.9318867057561874,SUB,013.csv
q_s_n,0.30529252961277964,0.20733760632387777,0.12430240623652936,0.23451677709817886,0.6665502309799192,SUB,013.csv
q_s,0.7551337838172912,0.12423359361072639,0.6038688808679581,0.7392738461494446,0.9414458960294723,SUB,013.csv
inv_temp,84.83490753173828,7.759862019556715,74.21348037719727,85.21964645385742,95.38347663879394,SUB,013.csv
cost_stop_error,0.3436317255797724,0.08100525163292455,0.22406796200955661,0.3568522813978167,0.45021331743570236,SUB,013.csv
cost_time,0.0010000000000000002,2.28569887277129e-19,0.001,0.001,0.001,SUB,013.csv
cost_go_error,1.0,0.0,1.0,1.0,1.0,SUB,013.csv
cost_go_missing,1.0,0.0,1.0,1.0,1.0,SUB,013.csv
rate_stop_trial,0.16666666666666669,2.925694557147251e-17,0.16666666666666666,0.16666666666666666,0.16666666666666666,SUB,013.csv
q_d_n,0.46328955292701723,0.19490408348934812,0.20226134210824967,0.5156551748514175,0.7059300929307937,SUB,014.csv
q_d,0.7950052499771119,0.175637460739346,0.5325412064790725,0.8841637670993805,0.9524611562490463,SUB,014.csv
q_s_n,0.3232000883668661,0.1711572131208671,0.06547343153506519,0.3419487625360489,0.531925106048584,SUB,014.csv
q_s,0.7607539892196655,0.13519752311136363,0.5551375836133957,0.7802586257457733,0.9332530796527863,SUB,014.csv
inv_temp,82.93968353271484,10.67486111835337,66.58657875061036,84.99214553833008,95.54484329223632,SUB,014.csv
cost_stop_error,0.33766038781960805,0.14274958693746526,0.204561313537868,0.29752031834781356,0.5848062359761719,SUB,014.csv
cost_time,0.0010000000000000002,2.28569887277129e-19,0.001,0.001,0.001,SUB,014.csv
cost_go_error,1.0,0.0,1.0,1.0,1.0,SUB,014.csv
cost_go_missing,1.0,0.0,1.0,1.0,1.0,SUB,014.csv
rate_stop_trial,0.16666666666666669,2.925694557147251e-17,0.16666666666666666,0.16666666666666666,0.16666666666666666,SUB,014.csv
q_d_n,0.37300134226679804,0.20338604095567903,0.10489505641162396,0.4092796891927719,0.6533559024333953,SUB,015.csv
q_d,0.7295652091503143,0.14565029378301783,0.5055708110332489,0.7605343759059906,0.8944822251796721,SUB,015.csv
q_s_n,0.401762081682682,0.29981559642754796,0.0834986750036478,0.4203752875328064,0.8470874428749084,SUB,015.csv
q_s,0.7132483124732971,0.12548855022827854,0.5434940606355667,0.7234063446521759,0.8858925104141233,SUB,015.csv
inv_temp,86.69403533935547,8.493580273082943,72.04998321533203,88.60090255737305,94.7336612701416,SUB,015.csv
cost_stop_error,0.294372319402569,0.08419127451605549,0.17090235341963428,0.30758270274260746,0.385639524185572,SUB,015.csv
cost_time,0.0010000000000000002,2.28569887277129e-19,0.001,0.001,0.001,SUB,015.csv
cost_go_error,1.0,0.0,1.0,1.0,1.0,SUB,015.csv
cost_go_missing,1.0,0.0,1.0,1.0,1.0,SUB,015.csv
rate_stop_trial,0.16666666666666669,2.925694557147251e-17,0.16666666666666666,0.16666666666666666,0.16666666666666666,SUB,015.csv
q_d_n,0.41746237203478814,0.16481628621990466,0.1964301396161318,0.40224355459213257,0.6692238926887512,SUB,016.csv
q_d,0.7523194432258606,0.11419093401248558,0.6053361862897872,0.7568757236003876,0.9092303127050398,SUB,016.csv
q_s_n,0.42238299213349817,0.24017257965532765,0.09683130849152805,0.48112815618515015,0.7291796088218688,SUB,016.csv
q_s,0.7437058985233307,0.07595121510532638,0.6323405414819717,0.7554415464401245,0.8345029026269912,SUB,016.csv
inv_temp,81.06399230957031,6.803056676043032,70.6554027557373,81.97298431396484,88.96001091003417,SUB,016.csv
cost_stop_error,0.2327809000390074,0.08002133368119942,0.15640539416510116,0.2025536137102068,0.35761551530423785,SUB,016.csv
cost_time,0.0010000000000000002,2.28569887277129e-19,0.001,0.001,0.001,SUB,016.csv
cost_go_error,1.0,0.0,1.0,1.0,1.0,SUB,016.csv
cost_go_missing,1.0,0.0,1.0,1.0,1.0,SUB,016.csv
rate_stop_trial,0.16666666666666669,2.925694557147251e-17,0.16666666666666666,0.16666666666666666,0.16666666666666666,SUB,016.csv
q_d_n,0.43967346101999283,0.2217509128692788,0.1836612679064274,0.3928159922361374,0.7726599484682082,SUB,017.csv
q_d,0.7150051832199097,0.09231790600378338,0.5771405965089798,0.7225675880908966,0.8200306177139282,SUB,017.csv
q_s_n,0.4211676388978958,0.3501640683483533,0.06020914539694786,0.3247949928045273,0.9124745309352873,SUB,017.csv
q_s,0.6868784964084625,0.11021968085605251,0.5176303565502167,0.6767434775829315,0.8121985763311386,SUB,017.csv
inv_temp,88.73246002197266,6.254648149812628,81.1809295654297,87.60591506958008,96.36341247558593,SUB,017.csv
cost_stop_error,0.24334476057124776,0.06719998084023489,0.15665192263255623,0.24572084250118265,0.33759519519522346,SUB,017.csv
cost_time,0.0010000000000000002,2.28569887277129e-19,0.001,0.001,0.001,SUB,017.csv
cost_go_error,1.0,0.0,1.0,1.0,1.0,SUB,017.csv
cost_go_missing,1.0,0.0,1.0,1.0,1.0,SUB,017.csv
rate_stop_trial,0.16666666666666669,2.925694557147251e-17,0.16666666666666666,0.16666666666666666,0.16666666666666666,SUB,017.csv
q_d_n,0.46279473006725313,0.12086776267895337,0.28322953134775164,0.4755726605653763,0.5871088951826096,SUB,018.csv
q_d,0.7944475054740906,0.14801817535331147,0.5563334345817565,0.8250266909599304,0.953702399134636,SUB,018.csv
q_s_n,0.3779359109699726,0.23078770885873828,0.11460406370460988,0.2913554012775421,0.67845861017704,SUB,018.csv
q_s,0.7349005043506622,0.13297497051729676,0.5813134163618088,0.7090506553649902,0.9333465158939361,SUB,018.csv
inv_temp,87.21495056152344,9.130123368333823,73.5875343322754,89.0445442199707,97.72497329711913,SUB,018.csv
cost_stop_error,0.3554989139856953,0.10783934317422877,0.2531661594899783,0.31533948760964114,0.5358850472831662,SUB,018.csv
cost_time,0.0010000000000000002,2.28569887277129e-19,0.001,0.001,0.001,SUB,018.csv
cost_go_error,1.0,0.0,1.0,1.0,1.0,SUB,018.csv
cost_go_missing,1.0,0.0,1.0,1.0,1.0,SUB,018.csv
rate_stop_trial,0.16666666666666669,2.925694557147251e-17,0.16666666666666666,0.16666666666666666,0.16666666666666666,SUB,018.csv
q_d_n,0.4143280476331711,0.2397126943257282,0.11545605361461639,0.3609064221382141,0.8044741213321684,SUB,019.csv
q_d,0.7609133422374725,0.13364282054688492,0.6045859456062317,0.7165003716945648,0.9428210258483886,SUB,019.csv
q_s_n,0.4732006672769785,0.28867093390705056,0.08943715821951628,0.5349082350730896,0.8370091497898101,SUB,019.csv
q_s,0.7894838511943817,0.10806000655871222,0.7040589272975921,0.7468541264533997,0.9884681224822998,SUB,019.csv
inv_temp,86.36362915039062,8.524165880586144,75.61153678894043,86.19703674316406,97.35090980529785,SUB,019.csv
cost_stop_error,0.7136539470282677,0.5318828350295741,0.20929447053948338,0.5704857039059046,1.5093577503317759,SUB,019.csv
cost_time,0.0010000000000000002,2.28569887277129e-19,0.001,0.001,0.001,SUB,019.csv
cost_go_error,1.0,0.0,1.0,1.0,1.0,SUB,019.csv
cost_go_missing,1.0,0.0,1.0,1.0,1.0,SUB,019.csv
rate_stop_trial,0.16666666666666669,2.925694557147251e-17,0.16666666666666666,0.16666666666666666,0.16666666666666666,SUB,019.csv
q_d_n,0.42227731347084047,0.18430457996380303,0.19052507281303405,0.36092719435691833,0.6859979450702667,SUB,020.csv
q_d,0.7536411821842194,0.09387865542355629,0.6108629018068313,0.7817513048648834,0.8497582346200943,SUB,020.csv
q_s_n,0.3988004893064499,0.33371082490867543,0.07049805000424385,0.22569040954113007,0.8909896969795227,SUB,020.csv
q_s,0.7359552025794983,0.08724388121152425,0.6177611619234085,0.7515944540500641,0.8436851233243942,SUB,020.csv
inv_temp,81.84367027282715,11.863309903925302,63.096624565124515,83.59909057617188,95.7629467010498,SUB,020.csv
cost_stop_error,0.38890260805490723,0.2197243566056638,0.14775272944076293,0.34147524700655674,0.7288302433864469,SUB,020.csv
cost_time,0.0010000000000000002,2.28569887277129e-19,0.001,0.001,0.001,SUB,020.csv
cost_go_error,1.0,0.0,1.0,1.0,1.0,SUB,020.csv
cost_go_missing,1.0,0.0,1.0,1.0,1.0,SUB,020.csv
rate_stop_trial,0.16666666666666669,2.925694557147251e-17,0.16666666666666666,0.16666666666666666,0.16666666666666666,SUB,020.csv
q_d_n,0.489011162519455,0.19479160292472517,0.21813074201345445,0.5173712223768234,0.7095794141292572,SUB,021.csv
q_d,0.7955480456352234,0.16230517739883912,0.5438710033893586,0.8498067855834961,0.9686041951179504,SUB,021.csv
q_s_n,0.6139747381210328,0.19942225792025156,0.37758645266294477,0.589989423751831,0.8986996829509734,SUB,021.csv
q_s,0.6748803973197937,0.09980976483837858,0.5201606035232544,0.6872465908527374,0.7851725906133652,SUB,021.csv
inv_temp,84.17539138793946,8.516631819016233,71.63609619140625,84.55864715576172,95.71544570922852,SUB,021.csv
cost_stop_error,0.45425307659896585,0.23809388933251446,0.23900624481215044,0.3625918885269571,0.8391272888185758,SUB,021.csv
cost_time,0.0010000000000000002,2.28569887277129e-19,0.001,0.001,0.001,SUB,021.csv
cost_go_error,1.0,0.0,1.0,1.0,1.0,SUB,021.csv
cost_go_missing,1.0,0.0,1.0,1.0,1.0,SUB,021.csv
rate_stop_trial,0.16666666666666669,2.925694557147251e-17,0.16666666666666666,0.16666666666666666,0.16666666666666666,SUB,021.csv
q_d_n,0.3238620489835739,0.28217364815694757,0.04569051191210747,0.21872951835393906,0.8007794857025143,SUB,022.csv
q_d,0.7307026863098145,0.1394909950139138,0.5742654114961624,0.7639184594154358,0.9127897411584853,SUB,022.csv
q_s_n,0.544579166173935,0.28344346702161366,0.21195010244846343,0.5035824775695801,0.9214550286531448,SUB,022.csv
q_s,0.7278065621852875,0.12995672161862162,0.5379488319158554,0.7206150591373444,0.8980267941951751,SUB,022.csv
inv_temp,83.32024002075195,14.262661644179683,58.86940803527832,86.41914749145508,97.70275917053222,SUB,022.csv
cost_stop_error,0.534173417759887,0.32190061072121184,0.19164323630875185,0.44872797225806266,1.0694217847140928,SUB,022.csv
cost_time,0.0010000000000000002,2.28569887277129e-19,0.001,0.001,0.001,SUB,022.csv
cost_go_error,1.0,0.0,1.0,1.0,1.0,SUB,022.csv
cost_go_missing,1.0,0.0,1.0,1.0,1.0,SUB,022.csv
rate_stop_trial,0.16666666666666669,2.925694557147251e-17,0.16666666666666666,0.16666666666666666,0.16666666666666666,SUB,022.csv
q_d_n,0.5196736104786396,0.20368760842059586,0.2167775820940733,0.545320600271225,0.755769994854927,SUB,023.csv
q_d,0.8030807316303253,0.13411046119095457,0.5995111584663391,0.8176842033863068,0.9853593170642853,SUB,023.csv
q_s_n,0.3795412205159664,0.207784517201985,0.1437887530773878,0.37496061623096466,0.6986887335777282,SUB,023.csv
q_s,0.7623283922672272,0.08374099478713119,0.6618033051490784,0.7481013536453247,0.8891475260257721,SUB,023.csv
inv_temp,85.03688316345215,13.748098185190742,64.01111316680908,86.4630126953125,97.76923179626465,SUB,023.csv
cost_stop_error,0.3639056112049942,0.11398336502911759,0.18463703515209942,0.38534430456454694,0.5043561110378023,SUB,023.csv
cost_time,0.0010000000000000002,2.28569887277129e-19,0.001,0.001,0.001,SUB,023.csv
cost_go_error,1.0,0.0,1.0,1.0,1.0,SUB,023.csv
cost_go_missing,1.0,0.0,1.0,1.0,1.0,SUB,023.csv
rate_stop_trial,0.16666666666666669,2.925694557147251e-17,0.16666666666666666,0.16666666666666666,0.16666666666666666,SUB,023.csv
q_d_n,0.2908682405948639,0.14126668996320083,0.10437611043453217,0.27337421476840973,0.49629506170749654,SUB,024.csv
q_d,0.7395884096622467,0.13928132734639612,0.541005203127861,0.7683702111244202,0.8831918567419051,SUB,024.csv
q_s_n,0.4628845237195492,0.24915309398373933,0.12781341336667537,0.5040491223335266,0.7549761652946472,SUB,024.csv
q_s,0.7558870196342469,0.10651135771446213,0.629995447397232,0.7677007913589478,0.9198628127574919,SUB,024.csv
inv_temp,85.9006561279297,7.26363536337958,76.19821357727051,87.48515319824219,94.7811321258545,SUB,024.csv
cost_stop_error,0.6716437608080936,0.25035388159526084,0.30693533519445726,0.636967662434953,1.0066673017775072,SUB,024.csv
cost_time,0.0010000000000000002,2.28569887277129e-19,0.001,0.001,0.001,SUB,024.csv
cost_go_error,1.0,0.0,1.0,1.0,1.0,SUB,024.csv
cost_go_missing,1.0,0.0,1.0,1.0,1.0,SUB,024.csv
rate_stop_trial,0.16666666666666669,2.925694557147251e-17,0.16666666666666666,0.16666666666666666,0.16666666666666666,SUB,024.csv
q_d_n,0.34694663286209104,0.21880423365030519,0.15285615026950836,0.2553838938474655,0.6977121055126188,SUB,025.csv
q_d,0.7446869194507599,0.13101857861977415,0.5708498120307922,0.7644487023353577,0.9240859150886535,SUB,025.csv
q_s_n,0.38275374555960295,0.3129116696885284,0.04297558977268636,0.267178475856781,0.8098664939403534,SUB,025.csv
q_s,0.7041845738887786,0.1117124837508238,0.6187628358602524,0.6455991864204407,0.9022821962833404,SUB,025.csv
inv_temp,87.7954719543457,8.70998707713076,73.97967643737793,88.66818618774414,98.62931823730469,SUB,025.csv
cost_stop_error,0.488583655815279,0.2147314719593881,0.27843568178674805,0.385123696008671,0.8553271099287261,SUB,025.csv
cost_time,0.0010000000000000002,2.28569887277129e-19,0.001,0.001,0.001,SUB,025.csv
cost_go_error,1.0,0.0,1.0,1.0,1.0,SUB,025.csv
cost_go_missing,1.0,0.0,1.0,1.0,1.0,SUB,025.csv
rate_stop_trial,0.16666666666666669,2.925694557147251e-17,0.16666666666666666,0.16666666666666666,0.16666666666666666,SUB,025.csv
q_d_n,0.48781958818435667,0.13596586723905074,0.34950986206531526,0.4645766168832779,0.6947630703449246,SUB,026.csv
q_d,0.7677885711193084,0.13717921802613287,0.5778244405984878,0.7929885685443878,0.9452020347118377,SUB,026.csv
q_s_n,0.35847614593803884,0.3120355017041555,0.07311601247638463,0.2990797609090805,0.9158438831567762,SUB,026.csv
q_s,0.7644885420799256,0.1113870863173402,0.6200051993131638,0.768328458070755,0.9193454891443251,SUB,026.csv
inv_temp,86.21016387939453,8.62577817982451,72.8773235321045,85.27664566040039,96.99095916748047,SUB,026.csv
cost_stop_error,0.44355695688743024,0.17679067604282941,0.22062968381868756,0.46064100886671955,0.691891139799987,SUB,026.csv
cost_time,0.0010000000000000002,2.28569887277129e-19,0.001,0.001,0.001,SUB,026.csv
cost_go_error,1.0,0.0,1.0,1.0,1.0,SUB,026.csv
cost_go_missing,1.0,0.0,1.0,1.0,1.0,SUB,026.csv
rate_stop_trial,0.16666666666666669,2.925694557147251e-17,0.16666666666666666,0.16666666666666666,0.16666666666666666,SUB,026.csv
q_d_n,0.433885945007205,0.173597647842952,0.1805019112303853,0.4203125685453415,0.6399690270423888,SUB,027.csv
q_d,0.7347896993160248,0.12990710491862265,0.5592314094305039,0.7347542345523834,0.9165777325630187,SUB,027.csv
q_s_n,0.39275761395692826,0.3094531989858621,0.07102395370602607,0.2847267985343933,0.8567620694637297,SUB,027.csv
q_s,0.7229736864566803,0.10886224255218482,0.5554915577173233,0.754848837852478,0.8176502615213395,SUB,027.csv
inv_temp,86.67536087036133,9.470365461059705,73.14396018981934,89.03843307495117,98.71950454711914,SUB,027.csv
cost_stop_error,0.6333009150220472,0.2181851141483365,0.48823033878509203,0.5759575350576089,0.9764590608940337,SUB,027.csv
cost_time,0.0010000000000000002,2.28569887277129e-19,0.001,0.001,0.001,SUB,027.csv
cost_go_error,1.0,0.0,1.0,1.0,1.0,SUB,027.csv
cost_go_missing,1.0,0.0,1.0,1.0,1.0,SUB,027.csv
rate_stop_trial,0.16666666666666669,2.925694557147251e-17,0.16666666666666666,0.16666666666666666,0.16666666666666666,SUB,027.csv
q_d_n,0.39611693620681765,0.15957264460443646,0.21516195684671402,0.40968218445777893,0.6402897596359253,SUB,028.csv
q_d,0.8058217763900757,0.11222471447138362,0.6523496896028519,0.8106627762317657,0.9699620723724365,SUB,028.csv
q_s_n,0.613640370965004,0.2668845916769498,0.21994657069444656,0.6161555349826813,0.949870678782463,SUB,028.csv
q_s,0.7837073624134063,0.07462546701787773,0.7033107072114945,0.7563415765762329,0.9041852146387099,SUB,028.csv
inv_temp,81.83033638000488,13.075306674192767,60.98579998016358,82.9647102355957,97.72537307739258,SUB,028.csv
cost_stop_error,0.5524833864675173,0.2276180698006586,0.2976338144795891,0.47204696699033777,0.9118710180904148,SUB,028.csv
cost_time,0.0010000000000000002,2.28569887277129e-19,0.001,0.001,0.001,SUB,028.csv
cost_go_error,1.0,0.0,1.0,1.0,1.0,SUB,028.csv
cost_go_missing,1.0,0.0,1.0,1.0,1.0,SUB,028.csv
rate_stop_trial,0.16666666666666669,2.925694557147251e-17,0.16666666666666666,0.16666666666666666,0.16666666666666666,SUB,028.csv
q_d_n,0.3623705770820379,0.2021421510785616,0.08392923120409251,0.34378883242607117,0.5998305618762969,SUB,029.csv
q_d,0.7300785422325134,0.16209462383380668,0.5122610032558441,0.7556274235248566,0.9079555451869964,SUB,029.csv
q_s_n,0.6237394012510776,0.374258125794089,0.11916632987558842,0.7241208553314209,0.9866822987794875,SUB,029.csv
q_s,0.7635699510574341,0.11108262069678888,0.6170139223337173,0.7502825260162354,0.9229219585657119,SUB,029.csv
inv_temp,84.99620208740234,8.167227936048185,73.39389533996582,84.64878845214844,97.02862586975097,SUB,029.csv
cost_stop_error,0.3673496071466525,0.17101476815634922,0.2365632741873451,0.32183036457368497,0.6649877937090969,SUB,029.csv
cost_time,0.0010000000000000002,2.28569887277129e-19,0.001,0.001,0.001,SUB,029.csv
cost_go_error,1.0,0.0,1.0,1.0,1.0,SUB,029.csv
cost_go_missing,1.0,0.0,1.0,1.0,1.0,SUB,029.csv
rate_stop_trial,0.16666666666666669,2.925694557147251e-17,0.16666666666666666,0.16666666666666666,0.16666666666666666,SUB,029.csv
q_d_n,0.41383186429739,0.22415578474814962,0.1089441902935505,0.36945557594299316,0.7349521279335021,SUB,030.csv
q_d,0.7709746181964874,0.1427405867065355,0.5435263216495514,0.7727905213832855,0.930041590332985,SUB,030.csv
q_s_n,0.5403451442718505,0.2574242070949146,0.16298070698976516,0.5504784882068634,0.9009257495403289,SUB,030.csv
q_s,0.8113721251487732,0.11927461340524605,0.611574125289917,0.8434785008430481,0.9355303943157196,SUB,030.csv
inv_temp,88.01474456787109,9.577899196183921,71.45606994628906,90.83565521240234,96.90668640136718,SUB,030.csv
cost_stop_error,0.37761380018529966,0.15462145328558433,0.24214874867018088,0.3023647350311971,0.6378092074303455,SUB,030.csv
cost_time,0.0010000000000000002,2.28569887277129e-19,0.001,0.001,0.001,SUB,030.csv
cost_go_error,1.0,0.0,1.0,1.0,1.0,SUB,030.csv
cost_go_missing,1.0,0.0,1.0,1.0,1.0,SUB,030.csv
rate_stop_trial,0.16666666666666669,2.925694557147251e-17,0.16666666666666666,0.16666666666666666,0.16666666666666666,SUB,030.csv
q_d_n,0.5111562566831708,0.29292464685842706,0.1037337156943977,0.48174571990966797,0.9048022031784057,SUB,031.csv
q_d,0.7043208181858063,0.10366625994772868,0.5560492187738418,0.7476086020469666,0.8203052580356597,SUB,031.csv
q_s_n,0.4219091534614563,0.39259606238854683,0.08527160286903382,0.15186385810375214,0.9279348194599152,SUB,031.csv
q_s,0.7511381506919861,0.14050085068668705,0.5775323241949082,0.722398191690445,0.9210131227970123,SUB,031.csv
inv_temp,78.65115013122559,9.288644778880911,64.55102825164795,81.28683853149414,87.5902847290039,SUB,031.csv
cost_stop_error,0.667765671289432,0.4900844476017571,0.14933890893945287,0.6035117448112493,1.4036184056244088,SUB,031.csv
cost_time,0.0010000000000000002,2.28569887277129e-19,0.001,0.001,0.001,SUB,031.csv
cost_go_error,1.0,0.0,1.0,1.0,1.0,SUB,031.csv
cost_go_missing,1.0,0.0,1.0,1.0,1.0,SUB,031.csv
rate_stop_trial,0.16666666666666669,2.925694557147251e-17,0.16666666666666666,0.16666666666666666,0.16666666666666666,SUB,031.csv
q_d_n,0.5710614815354347,0.24845071842015615,0.225581306964159,0.5746802091598511,0.8989697128534315,SUB,032.csv
q_d,0.7271721541881562,0.16510350764308893,0.5286286175251007,0.7086564302444458,0.9612744629383086,SUB,032.csv
q_s_n,0.5089714323170483,0.29229921791732616,0.026940228743478657,0.5635440647602081,0.835834726691246,SUB,032.csv
q_s,0.6800422132015228,0.10182536075344031,0.5517972081899643,0.6926229894161224,0.8100944697856903,SUB,032.csv
inv_temp,85.90845413208008,9.092187616809108,72.17545433044434,85.88888168334961,97.49645614624023,SUB,032.csv
cost_stop_error,0.49859481866395844,0.2504276402533614,0.22165305264218166,0.5210136080708146,0.8528174962066536,SUB,032.csv
cost_time,0.0010000000000000002,2.28569887277129e-19,0.001,0.001,0.001,SUB,032.csv
cost_go_error,1.0,0.0,1.0,1.0,1.0,SUB,032.csv
cost_go_missing,1.0,0.0,1.0,1.0,1.0,SUB,032.csv
rate_stop_trial,0.16666666666666669,2.925694557147251e-17,0.16666666666666666,0.16666666666666666,0.16666666666666666,SUB,032.csv
q_d_n,0.4662234053015709,0.17712862097059423,0.25128312036395073,0.4550169110298157,0.7419002681970595,SUB,033.csv
q_d,0.8043581068515777,0.14875472609749274,0.6052704751491547,0.8065812885761261,0.9816072583198547,SUB,033.csv
q_s_n,0.5002745993435382,0.27690732119788025,0.10224935375154019,0.5026734173297882,0.8534117400646208,SUB,033.csv
q_s,0.7386851787567139,0.10850091599868521,0.5892193377017975,0.7605574131011963,0.8898024678230285,SUB,033.csv
inv_temp,89.52052536010743,7.127980829705985,77.42182731628418,91.17454147338867,96.7389072418213,SUB,033.csv
cost_stop_error,0.33692296057832427,0.10178529718969216,0.2091594490259491,0.3317837403768783,0.470615939315064,SUB,033.csv
cost_time,0.0010000000000000002,2.28569887277129e-19,0.001,0.001,0.001,SUB,033.csv
cost_go_error,1.0,0.0,1.0,1.0,1.0,SUB,033.csv
cost_go_missing,1.0,0.0,1.0,1.0,1.0,SUB,033.csv
rate_stop_trial,0.16666666666666669,2.925694557147251e-17,0.16666666666666666,0.16666666666666666,0.16666666666666666,SUB,033.csv
q_d_n,0.4596536934375763,0.13458435196950982,0.24005383998155594,0.5022135972976685,0.6009820789098739,SUB,034.csv
q_d,0.7307446002960205,0.1069013599818952,0.5507743060588837,0.7680310010910034,0.8483798325061798,SUB,034.csv
q_s_n,0.5187823534011841,0.18783087422920278,0.33547990769147873,0.48816728591918945,0.8195621728897091,SUB,034.csv
q_s,0.781615936756134,0.07266595394417905,0.6812162071466445,0.7734983861446381,0.8780328333377837,SUB,034.csv
inv_temp,80.95654373168945,6.028703959953755,71.92792091369628,82.12184143066406,87.76061553955078,SUB,034.csv
cost_stop_error,0.24408792929211134,0.05326425054935539,0.1847581856810435,0.24000033990144298,0.32805786565468065,SUB,034.csv
cost_time,0.0010000000000000002,2.28569887277129e-19,0.001,0.001,0.001,SUB,034.csv
cost_go_error,1.0,0.0,1.0,1.0,1.0,SUB,034.csv
cost_go_missing,1.0,0.0,1.0,1.0,1.0,SUB,034.csv
rate_stop_trial,0.16666666666666669,2.925694557147251e-17,0.16666666666666666,0.16666666666666666,0.16666666666666666,SUB,034.csv
q_d_n,0.43845549821853635,0.1828128143533429,0.20117365568876266,0.4578522741794586,0.6922268003225326,SUB,035.csv
q_d,0.7841691732406616,0.14496698793006493,0.5867732286453247,0.8221023082733154,0.95594103038311,SUB,035.csv
q_s_n,0.38813273161649703,0.2307625792630478,0.08202993422746659,0.4084267169237137,0.6776027649641035,SUB,035.csv
q_s,0.7149448096752167,0.13325737396340614,0.5700023680925369,0.687800258398056,0.9151321709156036,SUB,035.csv
inv_temp,83.09134902954102,12.00359407162857,62.84334716796875,86.20599746704102,95.73800163269041,SUB,035.csv
cost_stop_error,0.6698564073442757,0.36437221440617484,0.3116671267460267,0.5364654190943475,1.2207243258581824,SUB,035.csv
cost_time,0.0010000000000000002,2.28569887277129e-19,0.001,0.001,0.001,SUB,035.csv
cost_go_error,1.0,0.0,1.0,1.0,1.0,SUB,035.csv
cost_go_missing,1.0,0.0,1.0,1.0,1.0,SUB,035.csv
rate_stop_trial,0.16666666666666669,2.925694557147251e-17,0.16666666666666666,0.16666666666666666,0.16666666666666666,SUB,035.csv
q_d_n,0.2960288394242525,0.18668947352681609,0.05906162727624178,0.3130861520767212,0.5747432723641394,SUB,036.csv
q_d,0.818475216627121,0.11309978925163168,0.64399673640728,0.8394844830036163,0.9452460259199142,SUB,036.csv
q_s_n,0.6266391657292842,0.33664937241002624,0.0835040781646967,0.6837839186191559,0.95913507938385,SUB,036.csv
q_s,0.6649491727352143,0.10417106751743428,0.5259954631328583,0.6793098747730255,0.7978342920541763,SUB,036.csv
inv_temp,88.85303955078125,7.54092722526288,77.65613861083985,91.10633087158203,97.4499038696289,SUB,036.csv
cost_stop_error,0.8733892170245399,0.3013857654496159,0.5037403759453888,0.9406521546306043,1.297910086357576,SUB,036.csv
cost_time,0.0010000000000000002,2.28569887277129e-19,0.001,0.001,0.001,SUB,036.csv
cost_go_error,1.0,0.0,1.0,1.0,1.0,SUB,036.csv
cost_go_missing,1.0,0.0,1.0,1.0,1.0,SUB,036.csv
rate_stop_trial,0.16666666666666669,2.925694557147251e-17,0.16666666666666666,0.16666666666666666,0.16666666666666666,SUB,036.csv
q_d_n,0.38289438635110856,0.1492367023198954,0.2028040699660778,0.36135436594486237,0.6332319438457489,SUB,037.csv
q_d,0.7423729598522186,0.11494084516766555,0.602290403842926,0.7139314115047455,0.9182437658309937,SUB,037.csv
q_s_n,0.3963128820061684,0.20358434361691258,0.15760558992624282,0.3793337792158127,0.720200142264366,SUB,037.csv
q_s,0.7176908254623413,0.06437863699066543,0.6300415515899658,0.710515946149826,0.7995691418647766,SUB,037.csv
inv_temp,88.80279922485352,5.458924402050633,81.06236000061035,89.13360595703125,96.21800231933594,SUB,037.csv
cost_stop_error,0.41220234786307086,0.18464263076224482,0.2442165539307583,0.33238482477475406,0.7136875974795469,SUB,037.csv
cost_time,0.0010000000000000002,2.28569887277129e-19,0.001,0.001,0.001,SUB,037.csv
cost_go_error,1.0,0.0,1.0,1.0,1.0,SUB,037.csv
cost_go_missing,1.0,0.0,1.0,1.0,1.0,SUB,037.csv
rate_stop_trial,0.16666666666666669,2.925694557147251e-17,0.16666666666666666,0.16666666666666666,0.16666666666666666,SUB,037.csv
q_d_n,0.35359289310872555,0.1670079570847612,0.12000444326549768,0.3481978625059128,0.5570423394441604,SUB,038.csv
q_d,0.797305029630661,0.14577013716362067,0.5688487410545349,0.8236599266529083,0.9705939292907715,SUB,038.csv
q_s_n,0.34443032182753086,0.24404313855138382,0.06203137580305338,0.36319810152053833,0.6406578719615934,SUB,038.csv
q_s,0.7030206799507142,0.08245301724104868,0.6185624778270722,0.6817526817321777,0.8410348743200302,SUB,038.csv
inv_temp,85.0950210571289,7.818486784373056,75.29863357543945,86.58307266235352,95.28175086975098,SUB,038.csv
cost_stop_error,0.4570116862400426,0.19355760743068703,0.2583330299540739,0.42440982223185125,0.7516229222571995,SUB,038.csv
cost_time,0.0010000000000000002,2.28569887277129e-19,0.001,0.001,0.001,SUB,038.csv
cost_go_error,1.0,0.0,1.0,1.0,1.0,SUB,038.csv
cost_go_missing,1.0,0.0,1.0,1.0,1.0,SUB,038.csv
rate_stop_trial,0.16666666666666669,2.925694557147251e-17,0.16666666666666666,0.16666666666666666,0.16666666666666666,SUB,038.csv
q_d_n,0.34052725359797476,0.2273762297277091,0.13956345580518245,0.25270140916109085,0.7043174251914021,SUB,039.csv
q_d,0.8011997461318969,0.11516317385326424,0.6510831862688065,0.8131057918071747,0.9653111398220062,SUB,039.csv
q_s_n,0.5337739661335945,0.24826667069222003,0.19713772162795068,0.5762971639633179,0.840604582428932,SUB,039.csv
q_s,0.7429584681987762,0.08297437523340312,0.6251361489295959,0.7442773282527924,0.8572651237249374,SUB,039.csv
inv_temp,84.98475570678711,13.234433607876674,62.738427734375,87.45884704589844,98.8496109008789,SUB,039.csv
cost_stop_error,0.8131859687635249,0.3395275997211591,0.3747830064590101,0.7777444841772414,1.2806287109422194,SUB,039.csv
cost_time,0.0010000000000000002,2.28569887277129e-19,0.001,0.001,0.001,SUB,039.csv
cost_go_error,1.0,0.0,1.0,1.0,1.0,SUB,039.csv
cost_go_missing,1.0,0.0,1.0,1.0,1.0,SUB,039.csv
rate_stop_trial,0.16666666666666669,2.925694557147251e-17,0.16666666666666666,0.16666666666666666,0.16666666666666666,SUB,039.csv
q_d_n,0.48542493432760236,0.26420864994655663,0.2163871146738529,0.37144340574741364,0.8700176924467087,SUB,040.csv
q_d,0.8115799069404602,0.07140042130474382,0.7018764555454254,0.8024484813213348,0.8980579644441604,SUB,040.csv
q_s_n,0.3895303547382355,0.21383407543593755,0.09931777864694596,0.4220070093870163,0.6646911412477493,SUB,040.csv
q_s,0.6953454911708832,0.13579453093580193,0.5057694643735886,0.7121885418891907,0.8731385737657547,SUB,040.csv
inv_temp,86.65596237182618,7.339749869184256,76.11288299560547,86.3179931640625,96.39068870544433,SUB,040.csv
cost_stop_error,0.8307519884028803,0.3906585554672092,0.29630610322014245,0.9288354598299953,1.3392159517284852,SUB,040.csv
cost_time,0.0010000000000000002,2.28569887277129e-19,0.001,0.001,0.001,SUB,040.csv
cost_go_error,1.0,0.0,1.0,1.0,1.0,SUB,040.csv
cost_go_missing,1.0,0.0,1.0,1.0,1.0,SUB,040.csv
rate_stop_trial,0.16666666666666669,2.925694557147251e-17,0.16666666666666666,0.16666666666666666,0.16666666666666666,SUB,040.csv
q_d_n,0.3797564208507538,0.1383762243338925,0.2111065223813057,0.3521037697792053,0.5834591895341872,SUB,041.csv
q_d,0.7786283969879151,0.14810074116684313,0.5520285159349442,0.7639835178852081,0.95824034512043,SUB,041.csv
q_s_n,0.5277803994715213,0.3462112642420329,0.09378685317933559,0.5383487343788147,0.9370288670063018,SUB,041.csv
q_s,0.7026909828186035,0.12367947147445382,0.5854127526283264,0.6800739765167236,0.918484455347061,SUB,041.csv
inv_temp,86.4570327758789,10.4277861023354,69.56473960876465,88.54779815673828,94.96804580688476,SUB,041.csv
cost_stop_error,0.36311860427841997,0.12543722048179812,0.21220995892206607,0.36920690427075104,0.543825477909173,SUB,041.csv
cost_time,0.0010000000000000002,2.28569887277129e-19,0.001,0.001,0.001,SUB,041.csv
cost_go_error,1.0,0.0,1.0,1.0,1.0,SUB,041.csv
cost_go_missing,1.0,0.0,1.0,1.0,1.0,SUB,041.csv
rate_stop_trial,0.16666666666666669,2.925694557147251e-17,0.16666666666666666,0.16666666666666666,0.16666666666666666,SUB,041.csv
q_d_n,0.4430673040449619,0.18887397330115338,0.1909446906298399,0.4782773405313492,0.6888164699077604,SUB,042.csv
q_d,0.7964342176914215,0.1044661315187196,0.6660806089639664,0.8192441165447235,0.9258513867855072,SUB,042.csv
q_s_n,0.410395834594965,0.2468340215936992,0.14438306950032712,0.33718131482601166,0.8183613032102582,SUB,042.csv
q_s,0.7194762110710144,0.10765244279382058,0.568607610464096,0.720470517873764,0.878904291987419,SUB,042.csv
inv_temp,87.33967208862305,9.243288369239263,72.98673515319824,86.43981170654297,98.74497299194336,SUB,042.csv
cost_stop_error,0.540758885376836,0.4078235970597059,0.2207698407088827,0.39286549319578656,1.225099428501585,SUB,042.csv
cost_time,0.0010000000000000002,2.28569887277129e-19,0.001,0.001,0.001,SUB,042.csv
cost_go_error,1.0,0.0,1.0,1.0,1.0,SUB,042.csv
cost_go_missing,1.0,0.0,1.0,1.0,1.0,SUB,042.csv
rate_stop_trial,0.16666666666666669,2.925694557147251e-17,0.16666666666666666,0.16666666666666666,0.16666666666666666,SUB,042.csv
q_d_n,0.410743148624897,0.1938308751690895,0.1839422307908535,0.38673730194568634,0.7384836375713347,SUB,043.csv
q_d,0.8217537820339202,0.14712960507564343,0.5908785045146943,0.8518176078796387,0.9753709524869918,SUB,043.csv
q_s_n,0.6620991557836533,0.2866043054665944,0.2978099137544632,0.5707121789455414,0.9923690736293793,SUB,043.csv
q_s,0.7562236487865448,0.11090445156044294,0.6166511535644531,0.7466598451137543,0.9163220345973968,SUB,043.csv
inv_temp,82.8675148010254,9.352704452178868,70.97459449768067,84.58638763427734,94.48722229003906,SUB,043.csv
cost_stop_error,0.3335913018644737,0.21530236814678846,0.1739376755274723,0.26528703293213896,0.6914695194970452,SUB,043.csv
cost_time,0.0010000000000000002,2.28569887277129e-19,0.001,0.001,0.001,SUB,043.csv
cost_go_error,1.0,0.0,1.0,1.0,1.0,SUB,043.csv
cost_go_missing,1.0,0.0,1.0,1.0,1.0,SUB,043.csv
rate_stop_trial,0.16666666666666669,2.925694557147251e-17,0.16666666666666666,0.16666666666666666,0.16666666666666666,SUB,043.csv
q_d_n,0.38203316628932954,0.16858916404562016,0.2017728216946125,0.35612674057483673,0.634275296330452,SUB,044.csv
q_d,0.7691313743591308,0.12896198368837838,0.6066688925027848,0.7588759958744049,0.969613030552864,SUB,044.csv
q_s_n,0.47788240760564804,0.2523616019521775,0.1670664794743061,0.44681426882743835,0.8440558254718781,SUB,044.csv
q_s,0.7351965010166168,0.1175514152182623,0.6030385822057724,0.7141454815864563,0.9325102865695953,SUB,044.csv
inv_temp,88.68513107299805,9.331450138581578,73.70804023742676,89.58221817016602,97.28005180358886,SUB,044.csv
cost_stop_error,0.4230299852721148,0.20394742180572462,0.18947668069151954,0.3813711079692752,0.7407936169792991,SUB,044.csv
cost_time,0.0010000000000000002,2.28569887277129e-19,0.001,0.001,0.001,SUB,044.csv
cost_go_error,1.0,0.0,1.0,1.0,1.0,SUB,044.csv
cost_go_missing,1.0,0.0,1.0,1.0,1.0,SUB,044.csv
rate_stop_trial,0.16666666666666669,2.925694557147251e-17,0.16666666666666666,0.16666666666666666,0.16666666666666666,SUB,044.csv
q_d_n,0.33950729072093966,0.15940589537851102,0.16178977936506272,0.2803495228290558,0.5598014831542968,SUB,045.csv
q_d,0.7156818628311157,0.16185813691494166,0.5319673031568527,0.6777045428752899,0.9620410054922104,SUB,045.csv
q_s_n,0.4752781819552183,0.3078200037142409,0.0809610890224576,0.44443702697753906,0.8497821927070617,SUB,045.csv
q_s,0.7152796447277069,0.08880317668843352,0.594085693359375,0.7004778981208801,0.832080528140068,SUB,045.csv
inv_temp,87.19379806518555,8.342480673087705,74.98966178894042,88.39416122436523,96.24793548583985,SUB,045.csv
cost_stop_error,0.5491145922416557,0.39612970971308253,0.28150248242095427,0.3860935923103057,1.248411982560162,SUB,045.csv
cost_time,0.0010000000000000002,2.28569887277129e-19,0.001,0.001,0.001,SUB,045.csv
cost_go_error,1.0,0.0,1.0,1.0,1.0,SUB,045.csv
cost_go_missing,1.0,0.0,1.0,1.0,1.0,SUB,045.csv
rate_stop_trial,0.16666666666666669,2.925694557147251e-17,0.16666666666666666,0.16666666666666666,0.16666666666666666,SUB,045.csv
q_d_n,0.3771029099822044,0.13615579271611036,0.16338554099202157,0.4043769836425781,0.5241134569048881,SUB,046.csv
q_d,0.7094310283660888,0.08514890218258472,0.5964228570461273,0.7114333808422089,0.8235596299171447,SUB,046.csv
q_s_n,0.5227611139416695,0.2510923173755341,0.13271744996309282,0.634370744228363,0.7313867032527923,SUB,046.csv
q_s,0.7082098722457886,0.07721783940667237,0.6148671805858612,0.7051894664764404,0.8151923298835754,SUB,046.csv
inv_temp,87.96118087768555,5.294227630061414,79.7407600402832,88.85176467895508,93.97052383422852,SUB,046.csv
cost_stop_error,0.35686087886839346,0.09750361546062446,0.1994719522954841,0.3720185299667265,0.4646145571555097,SUB,046.csv
cost_time,0.0010000000000000002,2.28569887277129e-19,0.001,0.001,0.001,SUB,046.csv
cost_go_error,1.0,0.0,1.0,1.0,1.0,SUB,046.csv
cost_go_missing,1.0,0.0,1.0,1.0,1.0,SUB,046.csv
rate_stop_trial,0.16666666666666669,2.925694557147251e-17,0.16666666666666666,0.16666666666666666,0.16666666666666666,SUB,046.csv
q_d_n,0.49343311935663225,0.17088841706716243,0.2570010207593441,0.5204086899757385,0.6917226254940033,SUB,047.csv
q_d,0.7200997948646546,0.14089856870637016,0.5519277423620224,0.7056500613689423,0.9326930671930311,SUB,047.csv
q_s_n,0.5332282990217209,0.2128201065256502,0.32795987725257875,0.4383574426174164,0.8643459796905517,SUB,047.csv
q_s,0.6864100813865661,0.11510167023008269,0.5362072736024857,0.703959733247757,0.8261818259954452,SUB,047.csv
inv_temp,86.17190475463867,7.303047614047461,76.62769165039063,87.9013557434082,95.35681076049805,SUB,047.csv
cost_stop_error,0.9169313757666397,0.4212677971703402,0.22134299592961101,0.9869603601044087,1.4389144526912099,SUB,047.csv
cost_time,0.0010000000000000002,2.28569887277129e-19,0.001,0.001,0.001,SUB,047.csv
cost_go_error,1.0,0.0,1.0,1.0,1.0,SUB,047.csv
cost_go_missing,1.0,0.0,1.0,1.0,1.0,SUB,047.csv
rate_stop_trial,0.16666666666666669,2.925694557147251e-17,0.16666666666666666,0.16666666666666666,0.16666666666666666,SUB,047.csv
q_d_n,0.5412416666746139,0.2525656440063574,0.24090977013111115,0.6104928255081177,0.8140997529029845,SUB,048.csv
q_d,0.7552101254463196,0.15204719823725363,0.514644593000412,0.7897371053695679,0.9508962303400039,SUB,048.csv
q_s_n,0.23993910858407616,0.21984276686830426,0.0335160659160465,0.2368279993534088,0.5882252454757686,SUB,048.csv
q_s,0.6922032833099365,0.08410054965628405,0.5785776793956756,0.6935236752033234,0.8031954437494278,SUB,048.csv
inv_temp,84.05746688842774,6.156494880569007,73.88499069213867,86.56732559204102,90.03830261230469,SUB,048.csv
cost_stop_error,0.734280413047585,0.4150624832685323,0.2843850760574408,0.5853489840549506,1.3448283696668617,SUB,048.csv
cost_time,0.0010000000000000002,2.28569887277129e-19,0.001,0.001,0.001,SUB,048.csv
cost_go_error,1.0,0.0,1.0,1.0,1.0,SUB,048.csv
cost_go_missing,1.0,0.0,1.0,1.0,1.0,SUB,048.csv
rate_stop_trial,0.16666666666666669,2.925694557147251e-17,0.16666666666666666,0.16666666666666666,0.16666666666666666,SUB,048.csv
q_d_n,0.3484387926757336,0.1792900905028153,0.10281281284987927,0.3683282732963562,0.5800122082233429,SUB,049.csv
q_d,0.7563950896263123,0.1457931561075907,0.5426212430000306,0.8049505949020386,0.92909237742424,SUB,049.csv
q_s_n,0.4695837050676346,0.20315007772265228,0.23174038976430894,0.42839403450489044,0.7182907104492187,SUB,049.csv
q_s,0.7552420377731324,0.09775560883670723,0.6330127894878388,0.7562357187271118,0.894605216383934,SUB,049.csv
inv_temp,88.29561462402344,6.188811613484183,80.02058181762695,87.7512435913086,97.07909545898437,SUB,049.csv
cost_stop_error,0.3655181550043304,0.14482672187952622,0.19420289687059525,0.3368943841896198,0.5779109421677042,SUB,049.csv
cost_time,0.0010000000000000002,2.28569887277129e-19,0.001,0.001,0.001,SUB,049.csv
cost_go_error,1.0,0.0,1.0,1.0,1.0,SUB,049.csv
cost_go_missing,1.0,0.0,1.0,1.0,1.0,SUB,049.csv
rate_stop_trial,0.16666666666666669,2.925694557147251e-17,0.16666666666666666,0.16666666666666666,0.16666666666666666,SUB,049.csv
q_d_n,0.406600646674633,0.18510065839308595,0.18542854562401773,0.3652867525815964,0.6793267160654067,SUB,050.csv
q_d,0.8037063777446747,0.14548659478470086,0.5573744148015976,0.8286468088626862,0.97493736743927,SUB,050.csv
q_s_n,0.5129051029682159,0.2713820282929603,0.1700996771454811,0.5533032715320587,0.8684299439191818,SUB,050.csv
q_s,0.7005632758140564,0.08780630397418177,0.5766049861907959,0.7051813900470734,0.8245929539203642,SUB,050.csv
inv_temp,83.98440704345703,11.223327943532688,66.77222061157227,88.05641174316406,93.74884300231933,SUB,050.csv
cost_stop_error,0.3316071937973247,0.12366633936460711,0.20237829786312014,0.29288500431187225,0.5245680283783318,SUB,050.csv
cost_time,0.0010000000000000002,2.28569887277129e-19,0.001,0.001,0.001,SUB,050.csv
cost_go_error,1.0,0.0,1.0,1.0,1.0,SUB,050.csv
cost_go_missing,1.0,0.0,1.0,1.0,1.0,SUB,050.csv
rate_stop_trial,0.16666666666666669,2.925694557147251e-17,0.16666666666666666,0.16666666666666666,0.16666666666666666,SUB,050.csv
q_d_n,0.40064196288585663,0.3043143581178549,0.1301624670624733,0.2707011178135872,0.8350680351257324,SUB,051.csv
q_d,0.6968467116355896,0.13193917872937175,0.5358696639537811,0.6680997610092163,0.8954796493053435,SUB,051.csv
q_s_n,0.4400136390700936,0.2385681686921531,0.06975183105096222,0.5184033811092377,0.6728685438632965,SUB,051.csv
q_s,0.7611560881137848,0.1210276875206497,0.5497432500123978,0.7956687808036804,0.868166497349739,SUB,051.csv
inv_temp,83.70512771606445,9.890638581685204,69.96112365722657,84.28286361694336,98.50486526489257,SUB,051.csv
cost_stop_error,0.4647447589957448,0.16981247344318728,0.28121543144475486,0.4317883642235226,0.7491032429091109,SUB,051.csv
cost_time,0.0010000000000000002,2.28569887277129e-19,0.001,0.001,0.001,SUB,051.csv
cost_go_error,1.0,0.0,1.0,1.0,1.0,SUB,051.csv
cost_go_missing,1.0,0.0,1.0,1.0,1.0,SUB,051.csv
rate_stop_trial,0.16666666666666669,2.925694557147251e-17,0.16666666666666666,0.16666666666666666,0.16666666666666666,SUB,051.csv
q_d_n,0.3210907347500324,0.21329654083678243,0.1289001051336527,0.20972084254026413,0.6761100709438324,SUB,052.csv
q_d,0.7831168234348297,0.1094448291930562,0.6079011291265488,0.7974174618721008,0.9072774082422256,SUB,052.csv
q_s_n,0.38611094933003187,0.2755939184576091,0.04103384660556912,0.32634271681308746,0.7979687541723248,SUB,052.csv
q_s,0.748559695482254,0.16241513791802326,0.5328346699476242,0.7542442381381989,0.9317862451076507,SUB,052.csv
inv_temp,79.52954025268555,10.216004590832304,63.77418212890625,81.43993759155273,91.6801601409912,SUB,052.csv
cost_stop_error,0.3258994462980603,0.18547917371146203,0.08838660939832199,0.30716082949568,0.6307834184798462,SUB,052.csv
cost_time,0.0010000000000000002,2.28569887277129e-19,0.001,0.001,0.001,SUB,052.csv
cost_go_error,1.0,0.0,1.0,1.0,1.0,SUB,052.csv
cost_go_missing,1.0,0.0,1.0,1.0,1.0,SUB,052.csv
rate_stop_trial,0.16666666666666669,2.925694557147251e-17,0.16666666666666666,0.16666666666666666,0.16666666666666666,SUB,052.csv
q_d_n,0.4232397973537445,0.19326461299576694,0.22173197865486144,0.41355323791503906,0.6963440388441086,SUB,053.csv
q_d,0.748278021812439,0.13334978171940143,0.5590000927448273,0.7811467051506042,0.9007126867771148,SUB,053.csv
q_s_n,0.3908699035644531,0.2092138039711445,0.1100144162774086,0.4194294363260269,0.6892084032297134,SUB,053.csv
q_s,0.7271542727947236,0.11399479928752838,0.59218148291111,0.7282619774341583,0.8981275171041487,SUB,053.csv
inv_temp,85.1168083190918,10.755690312939835,71.294437789917,81.97722625732422,99.40637664794922,SUB,053.csv
cost_stop_error,0.45204351009974736,0.15410994071495615,0.28436464297687314,0.4323594399607146,0.68126167816072,SUB,053.csv
cost_time,0.0010000000000000002,2.28569887277129e-19,0.001,0.001,0.001,SUB,053.csv
cost_go_error,1.0,0.0,1.0,1.0,1.0,SUB,053.csv
cost_go_missing,1.0,0.0,1.0,1.0,1.0,SUB,053.csv
rate_stop_trial,0.16666666666666669,2.925694557147251e-17,0.16666666666666666,0.16666666666666666,0.16666666666666666,SUB,053.csv
q_d_n,0.5748556226491928,0.16177556827439138,0.39728445559740067,0.5708863735198975,0.7979761242866514,SUB,054.csv
q_d,0.7718609690666198,0.1727455714837684,0.5420376628637313,0.8698025047779083,0.9451507151126861,SUB,054.csv
q_s_n,0.47736744240392,0.3295632242831539,0.036942121561151,0.5238919407129288,0.8693923681974409,SUB,054.csv
q_s,0.700120496749878,0.162455143078494,0.5134479194879532,0.6773066818714142,0.944232216477394,SUB,054.csv
inv_temp,84.72417221069335,7.55336027049107,75.16627731323243,83.83995056152344,94.61348190307616,SUB,054.csv
cost_stop_error,0.43345476339091416,0.2402832541287188,0.2568109628819033,0.3536128634013278,0.8571527713143716,SUB,054.csv
cost_time,0.0010000000000000002,2.28569887277129e-19,0.001,0.001,0.001,SUB,054.csv
cost_go_error,1.0,0.0,1.0,1.0,1.0,SUB,054.csv
cost_go_missing,1.0,0.0,1.0,1.0,1.0,SUB,054.csv
rate_stop_trial,0.16666666666666669,2.925694557147251e-17,0.16666666666666666,0.16666666666666666,0.16666666666666666,SUB,054.csv
q_d_n,0.4790417444484774,0.3030129103744048,0.042989785698591736,0.4860773980617523,0.8663661777973175,SUB,055.csv
q_d,0.7434388935565949,0.13888620996672166,0.5678767532110214,0.7076590657234192,0.9276329159736633,SUB,055.csv
q_s_n,0.489721854031086,0.3042606484124012,0.15193410441279412,0.5306177139282227,0.9437924742698669,SUB,055.csv
q_s,0.7523767113685608,0.1282845749105164,0.6153894394636155,0.6979788541793823,0.9442549705505371,SUB,055.csv
inv_temp,77.50812873840331,13.34797195006659,56.726822471618654,78.99301528930664,93.52640647888182,SUB,055.csv
cost_stop_error,0.6368120962329861,0.4238239574125061,0.24096972796039778,0.5232678057596368,1.323091839419277,SUB,055.csv
cost_time,0.0010000000000000002,2.28569887277129e-19,0.001,0.001,0.001,SUB,055.csv
cost_go_error,1.0,0.0,1.0,1.0,1.0,SUB,055.csv
cost_go_missing,1.0,0.0,1.0,1.0,1.0,SUB,055.csv
rate_stop_trial,0.16666666666666669,2.925694557147251e-17,0.16666666666666666,0.16666666666666666,0.16666666666666666,SUB,055.csv
q_d_n,0.4066251218318939,0.2450469580525267,0.10398030877113343,0.3834865540266037,0.8005277901887892,SUB,056.csv
q_d,0.8107955753803253,0.13349415327603673,0.6175772100687027,0.8207402229309082,0.9618726700544357,SUB,056.csv
q_s_n,0.4197155050933361,0.27617371199908164,0.11108574159443378,0.363008514046669,0.8138410627841949,SUB,056.csv
q_s,0.7090561032295227,0.12297595897039916,0.5381989300251007,0.7266741394996643,0.8684069305658341,SUB,056.csv
inv_temp,82.86961822509765,9.147965748011865,70.22644729614258,86.66714859008789,92.39947662353515,SUB,056.csv
cost_stop_error,0.6944745900605673,0.3091723499842537,0.34712436533438307,0.6209515651962405,1.1769946082780178,SUB,056.csv
cost_time,0.0010000000000000002,2.28569887277129e-19,0.001,0.001,0.001,SUB,056.csv
cost_go_error,1.0,0.0,1.0,1.0,1.0,SUB,056.csv
cost_go_missing,1.0,0.0,1.0,1.0,1.0,SUB,056.csv
rate_stop_trial,0.16666666666666669,2.925694557147251e-17,0.16666666666666666,0.16666666666666666,0.16666666666666666,SUB,056.csv
q_d_n,0.33048279732465746,0.2583254710318547,0.058627891540527347,0.29563166201114655,0.7260479182004924,SUB,057.csv
q_d,0.8647432267665863,0.08457902394397468,0.7385069251060485,0.8845033943653107,0.9617440849542617,SUB,057.csv
q_s_n,0.40213997922837735,0.2313658619429449,0.08159741256386041,0.38870328664779663,0.7165459156036375,SUB,057.csv
q_s,0.727509218454361,0.11980791015988401,0.5694756090641022,0.7212489247322083,0.9048388093709945,SUB,057.csv
inv_temp,85.28013305664062,10.557793242268964,70.14233055114747,87.189453125,97.33685874938965,SUB,057.csv
cost_stop_error,0.5191947944798886,0.2526024806849672,0.29707897302671893,0.44181671297104574,0.9747207858030325,SUB,057.csv
cost_time,0.0010000000000000002,2.28569887277129e-19,0.001,0.001,0.001,SUB,057.csv
cost_go_error,1.0,0.0,1.0,1.0,1.0,SUB,057.csv
cost_go_missing,1.0,0.0,1.0,1.0,1.0,SUB,057.csv
rate_stop_trial,0.16666666666666669,2.925694557147251e-17,0.16666666666666666,0.16666666666666666,0.16666666666666666,SUB,057.csv
q_d_n,0.43656146377325056,0.16955790368837237,0.21603625640273094,0.417148619890213,0.6912126809358595,SUB,058.csv
q_d,0.8361140727996826,0.13760949517043572,0.6292002946138382,0.8345140218734741,0.9882120460271835,SUB,058.csv
q_s_n,0.5084289565682412,0.30963523589871933,0.0709551714360714,0.48156026005744934,0.9300389289855956,SUB,058.csv
q_s,0.756399291753769,0.11348561294225121,0.6137805283069611,0.737319678068161,0.9106174260377883,SUB,058.csv
inv_temp,89.49224700927735,6.622554089152403,80.01607208251953,89.21500778198242,97.3714054107666,SUB,058.csv
cost_stop_error,0.49313797845201846,0.2567802596079589,0.2658731590574682,0.3667822578437151,0.8869056847770295,SUB,058.csv
cost_time,0.0010000000000000002,2.28569887277129e-19,0.001,0.001,0.001,SUB,058.csv
cost_go_error,1.0,0.0,1.0,1.0,1.0,SUB,058.csv
cost_go_missing,1.0,0.0,1.0,1.0,1.0,SUB,058.csv
rate_stop_trial,0.16666666666666669,2.925694557147251e-17,0.16666666666666666,0.16666666666666666,0.16666666666666666,SUB,058.csv
q_d_n,0.3893683969974518,0.10057970954703198,0.3121013522148132,0.35233424603939056,0.5635222166776656,SUB,059.csv
q_d,0.7782710433006287,0.1234257221777018,0.6109903782606125,0.7998111546039581,0.9483795464038848,SUB,059.csv
q_s_n,0.3318828783929348,0.21643872184483698,0.10431221537292004,0.2643912509083748,0.6374164789915084,SUB,059.csv
q_s,0.6922721624374389,0.04851379069128376,0.6243152379989624,0.6906645894050598,0.7543023258447648,SUB,059.csv
inv_temp,89.8068862915039,9.327469690440095,74.42117576599121,91.90671157836914,98.52547149658203,SUB,059.csv
cost_stop_error,0.23132086008712052,0.041842272578099984,0.17676351920009303,0.22371388885195637,0.28319819841130234,SUB,059.csv
cost_time,0.0010000000000000002,2.28569887277129e-19,0.001,0.001,0.001,SUB,059.csv
cost_go_error,1.0,0.0,1.0,1.0,1.0,SUB,059.csv
cost_go_missing,1.0,0.0,1.0,1.0,1.0,SUB,059.csv
rate_stop_trial,0.16666666666666669,2.925694557147251e-17,0.16666666666666666,0.16666666666666666,0.16666666666666666,SUB,059.csv
q_d_n,0.2805755898356438,0.13097544231985211,0.159264924377203,0.21717137843370438,0.48037160933017725,SUB,060.csv
q_d,0.7576891183853149,0.07393155328213083,0.6436238288879395,0.7658337652683258,0.8555427134037018,SUB,060.csv
q_s_n,0.31281527914106844,0.26040799353575234,0.024633434787392616,0.2238752245903015,0.6556169658899307,SUB,060.csv
q_s,0.755599993467331,0.09422112244110278,0.6450413674116134,0.752036452293396,0.9002416402101516,SUB,060.csv
inv_temp,89.16803588867188,7.609817406811983,77.76825714111328,90.61056900024414,98.4729103088379,SUB,060.csv
cost_stop_error,0.45248517104997205,0.17567975423397167,0.2596451129803652,0.42527738864025216,0.7283125438573586,SUB,060.csv
cost_time,0.0010000000000000002,2.28569887277129e-19,0.001,0.001,0.001,SUB,060.csv
cost_go_error,1.0,0.0,1.0,1.0,1.0,SUB,060.csv
cost_go_missing,1.0,0.0,1.0,1.0,1.0,SUB,060.csv
rate_stop_trial,0.16666666666666669,2.925694557147251e-17,0.16666666666666666,0.16666666666666666,0.16666666666666666,SUB,060.csv
q_d_n,0.32715420722961425,0.14064415644762343,0.1642708770930767,0.35811011493206024,0.5157980293035506,SUB,061.csv
q_d,0.8339494109153748,0.14697546246799936,0.6048111349344254,0.8583145439624786,0.9960538923740387,SUB,061.csv
q_s_n,0.47110978439450263,0.316510247592974,0.07629058100283145,0.5036365687847137,0.8731163203716277,SUB,061.csv
q_s,0.6774372160434723,0.12397734123461594,0.5303343594074249,0.6757660508155823,0.863228377699852,SUB,061.csv
inv_temp,88.83742752075196,4.784870991075901,81.35365142822266,88.97843551635742,94.9312385559082,SUB,061.csv
cost_stop_error,0.3486580677151495,0.0826031415100475,0.22647123375183467,0.3552564424313862,0.4578591644713222,SUB,061.csv
cost_time,0.0010000000000000002,2.28569887277129e-19,0.001,0.001,0.001,SUB,061.csv
cost_go_error,1.0,0.0,1.0,1.0,1.0,SUB,061.csv
cost_go_missing,1.0,0.0,1.0,1.0,1.0,SUB,061.csv
rate_stop_trial,0.16666666666666669,2.925694557147251e-17,0.16666666666666666,0.16666666666666666,0.16666666666666666,SUB,061.csv
q_d_n,0.4229233846068382,0.17148539258209672,0.2001250095665455,0.40336357057094574,0.6913218587636948,SUB,062.csv
q_d,0.7482281744480133,0.1224244171741488,0.5877427965402603,0.7173197269439697,0.9154933869838713,SUB,062.csv
q_s_n,0.4803690200671554,0.32579414994829403,0.05071670869365335,0.3858891576528549,0.8729550421237945,SUB,062.csv
q_s,0.729582154750824,0.10202166758114153,0.5966013520956039,0.7157482206821442,0.8804818361997604,SUB,062.csv
inv_temp,85.57451705932617,9.196008026223241,71.44816436767579,87.2924690246582,95.7875991821289,SUB,062.csv
cost_stop_error,0.4685642274300001,0.2723834350003411,0.23010767748569175,0.37327721645807943,0.9142469779014717,SUB,062.csv
cost_time,0.0010000000000000002,2.28569887277129e-19,0.001,0.001,0.001,SUB,062.csv
cost_go_error,1.0,0.0,1.0,1.0,1.0,SUB,062.csv
cost_go_missing,1.0,0.0,1.0,1.0,1.0,SUB,062.csv
rate_stop_trial,0.16666666666666669,2.925694557147251e-17,0.16666666666666666,0.16666666666666666,0.16666666666666666,SUB,062.csv
q_d_n,0.3831372559070587,0.18285456999939786,0.13708112835884095,0.4259946942329407,0.6319970846176147,SUB,063.csv
q_d,0.7345632493495942,0.14011115611036415,0.5655551791191101,0.7201024889945984,0.9469080448150635,SUB,063.csv
q_s_n,0.5684613706544042,0.3031298650666492,0.0901082823984325,0.5948044955730438,0.9488027215003966,SUB,063.csv
q_s,0.6561490356922149,0.11284914368784207,0.5122189968824387,0.6388207674026489,0.8276793152093888,SUB,063.csv
inv_temp,86.35547637939453,8.472196086776847,72.15751914978027,88.31100082397461,94.05882034301757,SUB,063.csv
cost_stop_error,0.43810656707635315,0.16969587617045584,0.2531630819360947,0.3998567146384335,0.6560777810630734,SUB,063.csv
cost_time,0.0010000000000000002,2.28569887277129e-19,0.001,0.001,0.001,SUB,063.csv
cost_go_error,1.0,0.0,1.0,1.0,1.0,SUB,063.csv
cost_go_missing,1.0,0.0,1.0,1.0,1.0,SUB,063.csv
rate_stop_trial,0.16666666666666669,2.925694557147251e-17,0.16666666666666666,0.16666666666666666,0.16666666666666666,SUB,063.csv
q_d_n,0.45124795734882356,0.23479681482378617,0.16891949474811555,0.3949955850839615,0.7991738736629486,SUB,064.csv
q_d,0.7389281690120697,0.14625703281382418,0.5776814430952072,0.7407079637050629,0.9152245461940766,SUB,064.csv
q_s_n,0.34871842274442316,0.25317546401137053,0.05706045455299318,0.325681209564209,0.7064523428678511,SUB,064.csv
q_s,0.7678062856197357,0.08518959419257538,0.6500313341617584,0.7718459665775299,0.8836492031812667,SUB,064.csv
inv_temp,82.13218460083007,12.844565911982022,63.42035827636719,81.61346435546875,97.96945991516114,SUB,064.csv
cost_stop_error,0.5303366062833607,0.376800135315425,0.1971073119705818,0.39755057452018683,1.1734989358785035,SUB,064.csv
cost_time,0.0010000000000000002,2.28569887277129e-19,0.001,0.001,0.001,SUB,064.csv
cost_go_error,1.0,0.0,1.0,1.0,1.0,SUB,064.csv
cost_go_missing,1.0,0.0,1.0,1.0,1.0,SUB,064.csv
rate_stop_trial,0.16666666666666669,2.925694557147251e-17,0.16666666666666666,0.16666666666666666,0.16666666666666666,SUB,064.csv
q_d_n,0.4822168335318565,0.18030338729990336,0.21437068656086922,0.49337857961654663,0.7144706726074218,SUB,065.csv
q_d,0.7763568043708802,0.1633696114271937,0.522258535027504,0.8364803194999695,0.9386391162872314,SUB,065.csv
q_s_n,0.36752492617815735,0.32376840718171807,0.029052080307155847,0.3208976238965988,0.8645535111427307,SUB,065.csv
q_s,0.6809117674827576,0.0720101243482964,0.5897099137306213,0.6629910171031952,0.7783036053180694,SUB,065.csv
inv_temp,83.24981002807617,10.643245398428927,65.75945510864258,86.66162490844727,94.35986595153808,SUB,065.csv
cost_stop_error,0.48395809434030007,0.16938696903245873,0.24956359409041756,0.4660484621640242,0.7068554620296812,SUB,065.csv
cost_time,0.0010000000000000002,2.28569887277129e-19,0.001,0.001,0.001,SUB,065.csv
cost_go_error,1.0,0.0,1.0,1.0,1.0,SUB,065.csv
cost_go_missing,1.0,0.0,1.0,1.0,1.0,SUB,065.csv
rate_stop_trial,0.16666666666666669,2.925694557147251e-17,0.16666666666666666,0.16666666666666666,0.16666666666666666,SUB,065.csv
q_d_n,0.4170933686196804,0.15841285180170905,0.15889540649950507,0.4351184666156769,0.6035253822803497,SUB,066.csv
q_d,0.684111624956131,0.16546791397942137,0.5150540739297866,0.6466034650802612,0.9363819926977156,SUB,066.csv
q_s_n,0.5061039790511132,0.2750377218159073,0.1161339171230793,0.5427149832248688,0.8600437760353086,SUB,066.csv
q_s,0.6994213342666626,0.08477635756097389,0.5789832681417465,0.7032953202724457,0.8111544102430344,SUB,066.csv
inv_temp,83.98488578796386,13.185959904403814,63.057350730896,86.38212203979492,97.21838188171387,SUB,066.csv
cost_stop_error,0.3248414940888907,0.1594378616949924,0.13503887978471532,0.3040028213493954,0.5815270851111265,SUB,066.csv
cost_time,0.0010000000000000002,2.28569887277129e-19,0.001,0.001,0.001,SUB,066.csv
cost_go_error,1.0,0.0,1.0,1.0,1.0,SUB,066.csv
cost_go_missing,1.0,0.0,1.0,1.0,1.0,SUB,066.csv
rate_stop_trial,0.16666666666666669,2.925694557147251e-17,0.16666666666666666,0.16666666666666666,0.16666666666666666,SUB,066.csv
q_d_n,0.3804521098732948,0.23736883018486615,0.15878598242998124,0.3210756480693817,0.7540977269411083,SUB,067.csv
q_d,0.8068447113037109,0.16797904188118454,0.5726139187812805,0.8354985415935516,0.9972849816083909,SUB,067.csv
q_s_n,0.6299635048955678,0.24640234742207312,0.24185134861618282,0.6527096331119537,0.8445996552705765,SUB,067.csv
q_s,0.718142294883728,0.10218773735329806,0.5595690667629242,0.735958456993103,0.8277785718441009,SUB,067.csv
inv_temp,84.66379470825196,5.495315971222509,76.16922569274902,85.28679656982422,91.2394790649414,SUB,067.csv
cost_stop_error,0.33699879576274316,0.19884482363837577,0.19222025412375643,0.2757516883811413,0.6778766128718449,SUB,067.csv
cost_time,0.0010000000000000002,2.28569887277129e-19,0.001,0.001,0.001,SUB,067.csv
cost_go_error,1.0,0.0,1.0,1.0,1.0,SUB,067.csv
cost_go_missing,1.0,0.0,1.0,1.0,1.0,SUB,067.csv
rate_stop_trial,0.16666666666666669,2.925694557147251e-17,0.16666666666666666,0.16666666666666666,0.16666666666666666,SUB,067.csv
q_d_n,0.39547195583581923,0.18455349328985024,0.148667324334383,0.421986848115921,0.6369946509599685,SUB,068.csv
q_d,0.8479525983333588,0.11100021478488897,0.6754703938961029,0.8656423091888428,0.9727100551128387,SUB,068.csv
q_s_n,0.5650692321360111,0.36707880642026713,0.0669555690139532,0.6300415694713593,0.9557059496641158,SUB,068.csv
q_s,0.7036288917064667,0.1304205766288018,0.5378219336271286,0.7004329562187195,0.8854145497083663,SUB,068.csv
inv_temp,85.63841323852539,8.885229063163576,73.81285133361817,84.33573532104492,96.65737953186036,SUB,068.csv
cost_stop_error,0.3918815762658682,0.13910263895133204,0.20512704962562184,0.3816870457702251,0.5915201721528098,SUB,068.csv
cost_time,0.0010000000000000002,2.28569887277129e-19,0.001,0.001,0.001,SUB,068.csv
cost_go_error,1.0,0.0,1.0,1.0,1.0,SUB,068.csv
cost_go_missing,1.0,0.0,1.0,1.0,1.0,SUB,068.csv
rate_stop_trial,0.16666666666666669,2.925694557147251e-17,0.16666666666666666,0.16666666666666666,0.16666666666666666,SUB,068.csv
q_d_n,0.3816230989061296,0.23112291829826384,0.0886611467693001,0.37632595002651215,0.7094323068857193,SUB,069.csv
q_d,0.7238305628299713,0.13893696862410085,0.5322176545858384,0.7352516949176788,0.9262434691190718,SUB,069.csv
q_s_n,0.40573664773255586,0.30787180228248007,0.05877184784039855,0.4473021626472473,0.8514080673456191,SUB,069.csv
q_s,0.7574888944625855,0.11737899966991257,0.5871748805046082,0.787318766117096,0.9167803794145584,SUB,069.csv
inv_temp,87.56690063476563,7.162447647778147,77.13776817321778,88.5213737487793,95.01013107299805,SUB,069.csv
cost_stop_error,0.3151092563211394,0.09560372923151281,0.18580176798363784,0.32698315092700736,0.45816290137947946,SUB,069.csv
cost_time,0.0010000000000000002,2.28569887277129e-19,0.001,0.001,0.001,SUB,069.csv
cost_go_error,1.0,0.0,1.0,1.0,1.0,SUB,069.csv
cost_go_missing,1.0,0.0,1.0,1.0,1.0,SUB,069.csv
rate_stop_trial,0.16666666666666669,2.925694557147251e-17,0.16666666666666666,0.16666666666666666,0.16666666666666666,SUB,069.csv
q_d_n,0.4385148987174034,0.2271598634358366,0.19907977655529976,0.39431458711624146,0.7927520930767058,SUB,070.csv
q_d,0.8188838481903076,0.12068975306204348,0.6109148859977722,0.8772664368152618,0.9105915814638138,SUB,070.csv
q_s_n,0.3265245916321874,0.20940803117254375,0.051747482549399135,0.31853921711444855,0.6400042146444318,SUB,070.csv
q_s,0.6909232676029206,0.08748148477387925,0.6039769768714904,0.6686993837356567,0.8453865081071854,SUB,070.csv
inv_temp,86.41894226074218,7.638985882689989,75.09781494140626,88.44746017456055,93.95723266601563,SUB,070.csv
cost_stop_error,0.3872467051666413,0.1298214848408863,0.23975381995649692,0.3813566876641037,0.5846667309603422,SUB,070.csv
cost_time,0.0010000000000000002,2.28569887277129e-19,0.001,0.001,0.001,SUB,070.csv
cost_go_error,1.0,0.0,1.0,1.0,1.0,SUB,070.csv
cost_go_missing,1.0,0.0,1.0,1.0,1.0,SUB,070.csv
rate_stop_trial,0.16666666666666669,2.925694557147251e-17,0.16666666666666666,0.16666666666666666,0.16666666666666666,SUB,070.csv
q_d_n,0.45174894034862517,0.27395958197212333,0.1442311018705368,0.4007011651992798,0.8179195463657378,SUB,071.csv
q_d,0.7871610403060914,0.10979670932443605,0.6632815659046173,0.7739452421665192,0.9399308770895003,SUB,071.csv
q_s_n,0.5900732427835464,0.16846467079886104,0.34947590082883834,0.5775861442089081,0.8057094901800155,SUB,071.csv
q_s,0.7078465819358826,0.10928551630796833,0.5649451076984405,0.7095451354980469,0.8604525983333587,SUB,071.csv
inv_temp,85.02306289672852,6.2546385734208165,77.16819496154785,83.50390243530273,93.37898139953613,SUB,071.csv
cost_stop_error,0.6153968015098445,0.38319492045981146,0.3012977207248995,0.48050011317912156,1.3296664996432377,SUB,071.csv
cost_time,0.0010000000000000002,2.28569887277129e-19,0.001,0.001,0.001,SUB,071.csv
cost_go_error,1.0,0.0,1.0,1.0,1.0,SUB,071.csv
cost_go_missing,1.0,0.0,1.0,1.0,1.0,SUB,071.csv
rate_stop_trial,0.16666666666666669,2.925694557147251e-17,0.16666666666666666,0.16666666666666666,0.16666666666666666,SUB,071.csv
q_d_n,0.3944792490452528,0.24210818847979473,0.0832420589402318,0.40517693758010864,0.7022867947816849,SUB,072.csv
q_d,0.7741867899894714,0.14258969772076308,0.5733395516872406,0.8149652481079102,0.9453001886606216,SUB,072.csv
q_s_n,0.38799730986356734,0.18074291527195852,0.15219454988837242,0.3908371031284332,0.6466670930385587,SUB,072.csv
q_s,0.7426974713802338,0.09118777618362503,0.6054532498121261,0.7583836019039154,0.8557941436767577,SUB,072.csv
inv_temp,88.23774948120118,8.31914198136895,77.00498046875,88.06976318359375,98.65443572998046,SUB,072.csv
cost_stop_error,0.4450023443241948,0.17199273506985488,0.2780332186301219,0.3983708680367912,0.6937047522890273,SUB,072.csv
cost_time,0.0010000000000000002,2.28569887277129e-19,0.001,0.001,0.001,SUB,072.csv
cost_go_error,1.0,0.0,1.0,1.0,1.0,SUB,072.csv
cost_go_missing,1.0,0.0,1.0,1.0,1.0,SUB,072.csv
rate_stop_trial,0.16666666666666669,2.925694557147251e-17,0.16666666666666666,0.16666666666666666,0.16666666666666666,SUB,072.csv
q_d_n,0.4543746426701546,0.1559293476571291,0.27006797567009927,0.42818163335323334,0.6996701419353484,SUB,073.csv
q_d,0.7599972367286683,0.13305002246641834,0.5598751276731491,0.7807402908802032,0.9287344068288803,SUB,073.csv
q_s_n,0.4432844562456012,0.3129667967922489,0.029209448490291834,0.3810141831636429,0.9239630758762359,SUB,073.csv
q_s,0.7335695266723633,0.09855953432324972,0.6033998459577561,0.7373321652412415,0.8661757856607437,SUB,073.csv
inv_temp,85.6732391357422,8.430714307590453,73.7392391204834,86.23022079467773,95.16775054931641,SUB,073.csv
cost_stop_error,0.24879064685932142,0.09366340691313631,0.14102522539489268,0.23247008463950353,0.402001605477367,SUB,073.csv
cost_time,0.0010000000000000002,2.28569887277129e-19,0.001,0.001,0.001,SUB,073.csv
cost_go_error,1.0,0.0,1.0,1.0,1.0,SUB,073.csv
cost_go_missing,1.0,0.0,1.0,1.0,1.0,SUB,073.csv
rate_stop_trial,0.16666666666666669,2.925694557147251e-17,0.16666666666666666,0.16666666666666666,0.16666666666666666,SUB,073.csv
q_d_n,0.4378099232912064,0.15452034125612102,0.27097118347883226,0.42791229486465454,0.6872123330831524,SUB,074.csv
q_d,0.7059345245361328,0.1051054958294063,0.5530316770076752,0.7204932868480682,0.8335497707128524,SUB,074.csv
q_s_n,0.4398468304425478,0.2676868789744363,0.08883140664547681,0.41346171498298645,0.7620811283588409,SUB,074.csv
q_s,0.7402678608894349,0.09616450084066762,0.5931946992874145,0.7464056313037872,0.8604446232318878,SUB,074.csv
inv_temp,87.13573303222657,5.67312800758002,80.29322624206543,84.93465805053711,94.36361694335938,SUB,074.csv
cost_stop_error,0.2881573680370875,0.06795376771550429,0.20904495127800587,0.2706154971947448,0.3764001665598183,SUB,074.csv
cost_time,0.0010000000000000002,2.28569887277129e-19,0.001,0.001,0.001,SUB,074.csv
cost_go_error,1.0,0.0,1.0,1.0,1.0,SUB,074.csv
cost_go_missing,1.0,0.0,1.0,1.0,1.0,SUB,074.csv
rate_stop_trial,0.16666666666666669,2.925694557147251e-17,0.16666666666666666,0.16666666666666666,0.16666666666666666,SUB,074.csv
q_d_n,0.5046793207526207,0.24529855129975445,0.25689261928200724,0.4434165209531784,0.8968697816133497,SUB,075.csv
q_d,0.7541030883789063,0.14297495419154937,0.5733269929885865,0.747691810131073,0.9352912098169327,SUB,075.csv
q_s_n,0.5839568436145782,0.19418429974445986,0.28917356133461,0.6051628589630127,0.8236322164535522,SUB,075.csv
q_s,0.6778672099113464,0.0884832914075017,0.5616986125707626,0.6716839671134949,0.8051635563373565,SUB,075.csv
inv_temp,78.13676567077637,11.329889635941901,60.01806125640869,80.12720489501953,90.72185897827148,SUB,075.csv
cost_stop_error,0.6541864373637278,0.4010518854838863,0.16071962602714385,0.5892394555850615,1.2627782512658248,SUB,075.csv
cost_time,0.0010000000000000002,2.28569887277129e-19,0.001,0.001,0.001,SUB,075.csv
cost_go_error,1.0,0.0,1.0,1.0,1.0,SUB,075.csv
cost_go_missing,1.0,0.0,1.0,1.0,1.0,SUB,075.csv
rate_stop_trial,0.16666666666666669,2.925694557147251e-17,0.16666666666666666,0.16666666666666666,0.16666666666666666,SUB,075.csv
q_d_n,0.43301773592829707,0.20942943267497716,0.13709624148905278,0.4339960515499115,0.660325288772583,SUB,076.csv
q_d,0.7149623930454254,0.13286578257453777,0.5170219451189041,0.7040515840053558,0.873090636730194,SUB,076.csv
q_s_n,0.41492368280887604,0.316102754304113,0.04448004737496376,0.3619764894247055,0.8825736045837401,SUB,076.csv
q_s,0.7082530558109283,0.12786999840665875,0.5336264193058013,0.7156948745250702,0.8901316434144974,SUB,076.csv
inv_temp,84.10550003051758,11.769518281432342,69.67984657287597,86.52568817138672,98.06588897705078,SUB,076.csv
cost_stop_error,0.5970511108173158,0.21350960748044687,0.3545101072223142,0.5557918003947765,0.9327109241382912,SUB,076.csv
cost_time,0.0010000000000000002,2.28569887277129e-19,0.001,0.001,0.001,SUB,076.csv
cost_go_error,1.0,0.0,1.0,1.0,1.0,SUB,076.csv
cost_go_missing,1.0,0.0,1.0,1.0,1.0,SUB,076.csv
rate_stop_trial,0.16666666666666669,2.925694557147251e-17,0.16666666666666666,0.16666666666666666,0.16666666666666666,SUB,076.csv
q_d_n,0.4108842149376869,0.22182261000873565,0.13274856880307198,0.3811098039150238,0.7547353923320768,SUB,077.csv
q_d,0.778423011302948,0.16686543555515287,0.5343593180179596,0.8153567910194397,0.9537621140480042,SUB,077.csv
q_s_n,0.5333871260285378,0.23939578314045715,0.19206131026148796,0.5034970641136169,0.8720194846391677,SUB,077.csv
q_s,0.6974467754364013,0.09632535853249792,0.5658281177282334,0.6884604692459106,0.8153025388717652,SUB,077.csv
inv_temp,83.15713653564453,9.90857883957591,69.47119522094727,83.02514266967773,97.75935287475586,SUB,077.csv
cost_stop_error,0.3502680235967911,0.1250865078825572,0.22724821875560425,0.3384189059293637,0.5499927099394128,SUB,077.csv
cost_time,0.0010000000000000002,2.28569887277129e-19,0.001,0.001,0.001,SUB,077.csv
cost_go_error,1.0,0.0,1.0,1.0,1.0,SUB,077.csv
cost_go_missing,1.0,0.0,1.0,1.0,1.0,SUB,077.csv
rate_stop_trial,0.16666666666666669,2.925694557147251e-17,0.16666666666666666,0.16666666666666666,0.16666666666666666,SUB,077.csv
q_d_n,0.3762944206595421,0.22686345832948893,0.07805783301591873,0.4206836521625519,0.6867065817117688,SUB,078.csv
q_d,0.7600574791431427,0.1585444601075196,0.5069464564323425,0.7865895926952362,0.9513381272554398,SUB,078.csv
q_s_n,0.41732535436749457,0.287641750235388,0.0876800436526537,0.43505144119262695,0.8018387138843535,SUB,078.csv
q_s,0.6896199107170105,0.12705915664846631,0.553535982966423,0.6261411309242249,0.8659048050642013,SUB,078.csv
inv_temp,80.46190795898437,9.73439296134523,66.50781211853027,82.73981094360352,92.55900840759277,SUB,078.csv
cost_stop_error,0.437038634664255,0.17797234090225433,0.24521431921227665,0.44716155891311704,0.6912838107352792,SUB,078.csv
cost_time,0.0010000000000000002,2.28569887277129e-19,0.001,0.001,0.001,SUB,078.csv
cost_go_error,1.0,0.0,1.0,1.0,1.0,SUB,078.csv
cost_go_missing,1.0,0.0,1.0,1.0,1.0,SUB,078.csv
rate_stop_trial,0.16666666666666669,2.925694557147251e-17,0.16666666666666666,0.16666666666666666,0.16666666666666666,SUB,078.csv
q_d_n,0.4066113576292992,0.22803302208914317,0.18609666898846627,0.31707748770713806,0.7973076581954953,SUB,079.csv
q_d,0.7051942348480225,0.10956519516148558,0.5599437057971954,0.6864629685878754,0.8550419718027114,SUB,079.csv
q_s_n,0.4955253556370735,0.2582466908984165,0.21455703899264336,0.4860074818134308,0.920080554485321,SUB,079.csv
q_s,0.7401583194732666,0.08622609144517207,0.6059126824140548,0.767731249332428,0.8287429183721542,SUB,079.csv
inv_temp,87.68368377685547,8.755289107480886,74.42452812194824,89.64486694335938,97.17637901306152,SUB,079.csv
cost_stop_error,0.7062620795470909,0.43133205341394926,0.24381971687591836,0.7090218140921657,1.347032566590139,SUB,079.csv
cost_time,0.0010000000000000002,2.28569887277129e-19,0.001,0.001,0.001,SUB,079.csv
cost_go_error,1.0,0.0,1.0,1.0,1.0,SUB,079.csv
cost_go_missing,1.0,0.0,1.0,1.0,1.0,SUB,079.csv
rate_stop_trial,0.16666666666666669,2.925694557147251e-17,0.16666666666666666,0.16666666666666666,0.16666666666666666,SUB,079.csv
q_d_n,0.5304381519556045,0.2012433575919043,0.18665096908807755,0.5392708778381348,0.7400722056627274,SUB,080.csv
q_d,0.7034367620944977,0.07846299640273076,0.5852678686380386,0.7041351795196533,0.7842378973960876,SUB,080.csv
q_s_n,0.3873150173574686,0.22534544217891014,0.10601715724915267,0.37451376020908356,0.6821334660053252,SUB,080.csv
q_s,0.730218642950058,0.09986992647514416,0.5962624460458755,0.7284488677978516,0.8651239275932311,SUB,080.csv
inv_temp,83.52787017822266,9.92124237394875,67.69691925048828,87.10884094238281,93.2096076965332,SUB,080.csv
cost_stop_error,0.5747746522865371,0.3309049690126433,0.2116837855836631,0.5712595231956524,1.0622073236158063,SUB,080.csv
cost_time,0.0010000000000000002,2.28569887277129e-19,0.001,0.001,0.001,SUB,080.csv
cost_go_error,1.0,0.0,1.0,1.0,1.0,SUB,080.csv
cost_go_missing,1.0,0.0,1.0,1.0,1.0,SUB,080.csv
rate_stop_trial,0.16666666666666669,2.925694557147251e-17,0.16666666666666666,0.16666666666666666,0.16666666666666666,SUB,080.csv
q_d_n,0.4991318454965949,0.2969378053535736,0.03987492891028523,0.5859047174453735,0.7903051167726517,SUB,081.csv
q_d,0.7784940421581268,0.14205617166953097,0.563012570142746,0.8100667893886566,0.9385268658399581,SUB,081.csv
q_s_n,0.4553752187639475,0.2763982023160932,0.06057439651340246,0.5057978630065918,0.8332130730152127,SUB,081.csv
q_s,0.7596207559108734,0.14539306188103446,0.5342872411012649,0.788661003112793,0.9404351949691773,SUB,081.csv
inv_temp,90.52047653198242,7.845168163330179,81.08499488830566,90.43054962158203,99.09933357238769,SUB,081.csv
cost_stop_error,0.5297249097706683,0.24494677493199996,0.1542349807105403,0.6260702128809759,0.7927889897714204,SUB,081.csv
cost_time,0.0010000000000000002,2.28569887277129e-19,0.001,0.001,0.001,SUB,081.csv
cost_go_error,1.0,0.0,1.0,1.0,1.0,SUB,081.csv
cost_go_missing,1.0,0.0,1.0,1.0,1.0,SUB,081.csv
rate_stop_trial,0.16666666666666669,2.925694557147251e-17,0.16666666666666666,0.16666666666666666,0.16666666666666666,SUB,081.csv
q_d_n,0.47344389259815217,0.16445254598693843,0.2530419692397118,0.45168642699718475,0.7065222173929213,SUB,082.csv
q_d,0.8166591405868531,0.11009153986950662,0.6708340615034103,0.8283673822879791,0.9468795388936996,SUB,082.csv
q_s_n,0.45579963847994803,0.3262881001298827,0.04120985735207796,0.5247740894556046,0.8580272912979124,SUB,082.csv
q_s,0.7404428839683532,0.10823501064299218,0.6384658008813858,0.709153801202774,0.9301233857870101,SUB,082.csv
inv_temp,84.67011871337891,7.114998344055173,74.42834510803223,84.62620162963867,94.21770935058593,SUB,082.csv
cost_stop_error,0.380349299078379,0.19881517960932132,0.1554956852073524,0.34509007471292485,0.720706975482275,SUB,082.csv
cost_time,0.0010000000000000002,2.28569887277129e-19,0.001,0.001,0.001,SUB,082.csv
cost_go_error,1.0,0.0,1.0,1.0,1.0,SUB,082.csv
cost_go_missing,1.0,0.0,1.0,1.0,1.0,SUB,082.csv
rate_stop_trial,0.16666666666666669,2.925694557147251e-17,0.16666666666666666,0.16666666666666666,0.16666666666666666,SUB,082.csv
q_d_n,0.4174324288964272,0.22589866040743936,0.14909612461924554,0.3711984008550644,0.7355609923601149,SUB,083.csv
q_d,0.8131984353065491,0.1230228092078414,0.6256116181612015,0.8270578682422638,0.9523653477430344,SUB,083.csv
q_s_n,0.4996385984122753,0.31211232421069074,0.10395484529435635,0.4484630525112152,0.9038414031267166,SUB,083.csv
q_s,0.7727425515651702,0.13649768566646797,0.5786295622587204,0.8276961445808411,0.9033564656972884,SUB,083.csv
inv_temp,86.68653182983398,2.6825329438404255,83.09417152404785,86.63388061523438,90.07997856140136,SUB,083.csv
cost_stop_error,0.5120282238966484,0.24722769003465733,0.30150200982298825,0.3918033279988864,0.8814490463191382,SUB,083.csv
cost_time,0.0010000000000000002,2.28569887277129e-19,0.001,0.001,0.001,SUB,083.csv
cost_go_error,1.0,0.0,1.0,1.0,1.0,SUB,083.csv
cost_go_missing,1.0,0.0,1.0,1.0,1.0,SUB,083.csv
rate_stop_trial,0.16666666666666669,2.925694557147251e-17,0.16666666666666666,0.16666666666666666,0.16666666666666666,SUB,083.csv
q_d_n,0.3074661895632744,0.1331658366959321,0.15088124722242355,0.3408804386854172,0.4848513916134833,SUB,084.csv
q_d,0.8317519843578338,0.12209797581927491,0.65680733025074,0.8645589649677277,0.9786541014909744,SUB,084.csv
q_s_n,0.5397253848612309,0.3479261699352176,0.059595970436930656,0.6020612418651581,0.9784576714038848,SUB,084.csv
q_s,0.7824105560779572,0.1507204115870799,0.5586775034666062,0.8117206990718842,0.9656113177537917,SUB,084.csv
inv_temp,84.04001159667969,5.821960627777887,74.00912094116211,85.46629333496094,89.79195899963379,SUB,084.csv
cost_stop_error,0.4310513131740269,0.1578861867386337,0.2582263646491761,0.43599653220894685,0.6842716214128213,SUB,084.csv
cost_time,0.0010000000000000002,2.28569887277129e-19,0.001,0.001,0.001,SUB,084.csv
cost_go_error,1.0,0.0,1.0,1.0,1.0,SUB,084.csv
cost_go_missing,1.0,0.0,1.0,1.0,1.0,SUB,084.csv
rate_stop_trial,0.16666666666666669,2.925694557147251e-17,0.16666666666666666,0.16666666666666666,0.16666666666666666,SUB,084.csv
q_d_n,0.3399138364940882,0.17806480440755185,0.06801856439560652,0.3686712980270386,0.5637343734502791,SUB,085.csv
q_d,0.777850329875946,0.09648933005796208,0.668506309390068,0.7611701488494873,0.9139492690563201,SUB,085.csv
q_s_n,0.4069318585447036,0.3178294713774561,0.029458148597041146,0.3546358346939087,0.8802380234003067,SUB,085.csv
q_s,0.7794821679592132,0.11228098491629249,0.6064458429813385,0.7845706343650818,0.8887810051441193,SUB,085.csv
inv_temp,88.17224578857422,5.392210326123776,81.71638259887695,87.0707778930664,95.5263843536377,SUB,085.csv
cost_stop_error,0.3110075457471904,0.09312841898423382,0.2054627956294497,0.3019305922539448,0.4544050349684063,SUB,085.csv
cost_time,0.0010000000000000002,2.28569887277129e-19,0.001,0.001,0.001,SUB,085.csv
cost_go_error,1.0,0.0,1.0,1.0,1.0,SUB,085.csv
cost_go_missing,1.0,0.0,1.0,1.0,1.0,SUB,085.csv
rate_stop_trial,0.16666666666666669,2.925694557147251e-17,0.16666666666666666,0.16666666666666666,0.16666666666666666,SUB,085.csv
q_d_n,0.42696871161460875,0.17373814250437528,0.19913071691989898,0.44938842952251434,0.6722436249256134,SUB,086.csv
q_d,0.8117831170558929,0.13709491278215422,0.6194068044424057,0.8363429605960846,0.9716289043426514,SUB,086.csv
q_s_n,0.49171124417334794,0.24927895483760107,0.1614465261809528,0.4585137814283371,0.8607856571674346,SUB,086.csv
q_s,0.6964323341846466,0.10441817453375402,0.586654993891716,0.6552263796329498,0.8422227531671523,SUB,086.csv
inv_temp,86.39718475341797,8.93038194206373,72.40684204101562,86.96273803710938,95.44297866821289,SUB,086.csv
cost_stop_error,0.31436818532476496,0.17529361214834482,0.17387508656339867,0.27733588902815,0.6121059251225249,SUB,086.csv
cost_time,0.0010000000000000002,2.28569887277129e-19,0.001,0.001,0.001,SUB,086.csv
cost_go_error,1.0,0.0,1.0,1.0,1.0,SUB,086.csv
cost_go_missing,1.0,0.0,1.0,1.0,1.0,SUB,086.csv
rate_stop_trial,0.16666666666666669,2.925694557147251e-17,0.16666666666666666,0.16666666666666666,0.16666666666666666,SUB,086.csv
q_d_n,0.3552357412874699,0.18372451024553407,0.09506068490445614,0.40212497115135193,0.5725779116153716,SUB,087.csv
q_d,0.6982146620750427,0.11314774667549565,0.584299373626709,0.6806895732879639,0.8708792537450789,SUB,087.csv
q_s_n,0.4262164857238531,0.24659756842595332,0.061596244014799593,0.45264101028442383,0.7802320539951324,SUB,087.csv
q_s,0.6809786677360534,0.11047157911272243,0.5364319562911988,0.6807021200656891,0.8337365925312042,SUB,087.csv
inv_temp,83.69683151245117,5.021571700854599,76.20050659179688,84.36273956298828,90.43438072204589,SUB,087.csv
cost_stop_error,0.3984088780501217,0.16088063007337636,0.21033224890956975,0.37591518061264995,0.6566273302845064,SUB,087.csv
cost_time,0.0010000000000000002,2.28569887277129e-19,0.001,0.001,0.001,SUB,087.csv
cost_go_error,1.0,0.0,1.0,1.0,1.0,SUB,087.csv
cost_go_missing,1.0,0.0,1.0,1.0,1.0,SUB,087.csv
rate_stop_trial,0.16666666666666669,2.925694557147251e-17,0.16666666666666666,0.16666666666666666,0.16666666666666666,SUB,087.csv
q_d_n,0.43698779195547105,0.2561102317537406,0.10153053551912308,0.453278511762619,0.697016853094101,SUB,088.csv
q_d,0.7629311740398407,0.13530295588554497,0.5993831902742386,0.762246310710907,0.9467336416244506,SUB,088.csv
q_s_n,0.4941801358014345,0.23699521263795972,0.19805608671158553,0.44314374029636383,0.826986390352249,SUB,088.csv
q_s,0.7019645154476166,0.0764374347706596,0.6004452764987945,0.7022731900215149,0.8136257916688919,SUB,088.csv
inv_temp,88.77184753417968,5.573903099923576,80.31710624694824,90.68131637573242,94.3975601196289,SUB,088.csv
cost_stop_error,0.31260094866999627,0.1442630226248773,0.1690217476877054,0.2701989609410882,0.5406429316453772,SUB,088.csv
cost_time,0.0010000000000000002,2.28569887277129e-19,0.001,0.001,0.001,SUB,088.csv
cost_go_error,1.0,0.0,1.0,1.0,1.0,SUB,088.csv
cost_go_missing,1.0,0.0,1.0,1.0,1.0,SUB,088.csv
rate_stop_trial,0.16666666666666669,2.925694557147251e-17,0.16666666666666666,0.16666666666666666,0.16666666666666666,SUB,088.csv
q_d_n,0.408073316514492,0.16070238794649505,0.19956353232264518,0.3722315728664398,0.6048368811607361,SUB,089.csv
q_d,0.7492588639259339,0.15514712634156472,0.570955491065979,0.7333495914936066,0.9507153332233429,SUB,089.csv
q_s_n,0.5250350341200829,0.18982716340282227,0.23276910558342934,0.5414597988128662,0.7854902952909469,SUB,089.csv
q_s,0.754613047838211,0.0918706104198806,0.6578774064779281,0.7257445454597473,0.892839229106903,SUB,089.csv
inv_temp,81.39106674194336,11.413757407060977,67.67868461608887,81.68628692626953,95.13391036987305,SUB,089.csv
cost_stop_error,0.8416017655483008,0.4143889257297772,0.4640734302787223,0.6580920017076699,1.4670207230607581,SUB,089.csv
cost_time,0.0010000000000000002,2.28569887277129e-19,0.001,0.001,0.001,SUB,089.csv
cost_go_error,1.0,0.0,1.0,1.0,1.0,SUB,089.csv
cost_go_missing,1.0,0.0,1.0,1.0,1.0,SUB,089.csv
rate_stop_trial,0.16666666666666669,2.925694557147251e-17,0.16666666666666666,0.16666666666666666,0.16666666666666666,SUB,089.csv
q_d_n,0.4064601443707943,0.2594478963980762,0.0967222448438406,0.4248928427696228,0.8078139096498489,SUB,090.csv
q_d,0.7275701642036438,0.12270983977201136,0.5371434569358826,0.7615848779678345,0.8621788352727889,SUB,090.csv
q_s_n,0.4972176611423492,0.22641097663868973,0.2888048380613327,0.47609421610832214,0.8777321249246596,SUB,090.csv
q_s,0.7590233564376831,0.0766983146468656,0.6477652221918107,0.7751559019088745,0.850247111916542,SUB,090.csv
inv_temp,90.9090347290039,7.373494997996605,78.81474456787109,92.68156051635742,99.37161865234376,SUB,090.csv
cost_stop_error,0.33894252173056094,0.1478362677549764,0.16780383406806773,0.29858996289875406,0.5586064169379417,SUB,090.csv
cost_time,0.0010000000000000002,2.28569887277129e-19,0.001,0.001,0.001,SUB,090.csv
cost_go_error,1.0,0.0,1.0,1.0,1.0,SUB,090.csv
cost_go_missing,1.0,0.0,1.0,1.0,1.0,SUB,090.csv
rate_stop_trial,0.16666666666666669,2.925694557147251e-17,0.16666666666666666,0.16666666666666666,0.16666666666666666,SUB,090.csv
q_d_n,0.3661819763481617,0.17920607697981356,0.11057262234389782,0.388571560382843,0.5948847413063049,SUB,091.csv
q_d,0.726161926984787,0.1567283655927922,0.5162127196788788,0.7174429595470428,0.947094577550888,SUB,091.csv
q_s_n,0.603329236805439,0.3115730902569355,0.18821291252970695,0.643805205821991,0.9468080312013626,SUB,091.csv
q_s,0.7054287731647492,0.10967254748116027,0.5579030960798264,0.6968864500522614,0.85148606300354,SUB,091.csv
inv_temp,82.93764190673828,11.19307391463253,68.22321815490723,84.42243194580078,96.0291763305664,SUB,091.csv
cost_stop_error,0.3737303447054364,0.13505111962068633,0.18393098103032293,0.38075398490238543,0.5724645602126057,SUB,091.csv
cost_time,0.0010000000000000002,2.28569887277129e-19,0.001,0.001,0.001,SUB,091.csv
cost_go_error,1.0,0.0,1.0,1.0,1.0,SUB,091.csv
cost_go_missing,1.0,0.0,1.0,1.0,1.0,SUB,091.csv
rate_stop_trial,0.16666666666666669,2.925694557147251e-17,0.16666666666666666,0.16666666666666666,0.16666666666666666,SUB,091.csv
q_d_n,0.4225293755531311,0.1248168206834635,0.25763814300298693,0.4208379536867142,0.5888323545455932,SUB,092.csv
q_d,0.7797213613986969,0.1365460465289341,0.6121252298355102,0.7573792636394501,0.956031385064125,SUB,092.csv
q_s_n,0.4024698242545128,0.27610047417315636,0.03766063004732132,0.43831244111061096,0.748455998301506,SUB,092.csv
q_s,0.7236310541629791,0.07871545862228416,0.5984252363443374,0.722190260887146,0.8121579378843308,SUB,092.csv
inv_temp,89.14096527099609,8.161274558906912,76.41161994934082,91.23893737792969,97.97172126770019,SUB,092.csv
cost_stop_error,0.30891375800269766,0.0925633252936503,0.21371006318017802,0.28870127309345883,0.45673900335571266,SUB,092.csv
cost_time,0.0010000000000000002,2.28569887277129e-19,0.001,0.001,0.001,SUB,092.csv
cost_go_error,1.0,0.0,1.0,1.0,1.0,SUB,092.csv
cost_go_missing,1.0,0.0,1.0,1.0,1.0,SUB,092.csv
rate_stop_trial,0.16666666666666669,2.925694557147251e-17,0.16666666666666666,0.16666666666666666,0.16666666666666666,SUB,092.csv
q_d_n,0.49063598215579984,0.2251867377596645,0.22825050503015518,0.4463787227869034,0.846436548233032,SUB,093.csv
q_d,0.8157766342163086,0.13876135220251362,0.5880880862474441,0.8347763121128082,0.9815107733011246,SUB,093.csv
q_s_n,0.2874648682773113,0.11551316426340101,0.12138671539723873,0.30986157059669495,0.4306750878691673,SUB,093.csv
q_s,0.7258065462112426,0.12285633482086089,0.5869810909032822,0.7018547356128693,0.9292568534612655,SUB,093.csv
inv_temp,79.36489410400391,13.635288287331269,57.78885955810547,80.91558456420898,93.59827117919922,SUB,093.csv
cost_stop_error,0.49937795438392707,0.20125790926365258,0.27710533641252916,0.47530566149613174,0.7818398148955381,SUB,093.csv
cost_time,0.0010000000000000002,2.28569887277129e-19,0.001,0.001,0.001,SUB,093.csv
cost_go_error,1.0,0.0,1.0,1.0,1.0,SUB,093.csv
cost_go_missing,1.0,0.0,1.0,1.0,1.0,SUB,093.csv
rate_stop_trial,0.16666666666666669,2.925694557147251e-17,0.16666666666666666,0.16666666666666666,0.16666666666666666,SUB,093.csv
q_d_n,0.4599812239408493,0.1825462300568739,0.23293700218200683,0.4335080087184906,0.7458774268627165,SUB,094.csv
q_d,0.7624352276325226,0.1614801101766497,0.5145873039960861,0.8262200355529785,0.9202231466770172,SUB,094.csv
q_s_n,0.5502488479018212,0.26172214446468245,0.18703862354159356,0.5305977761745453,0.8685790061950683,SUB,094.csv
q_s,0.6893374860286713,0.06919633068130596,0.595263734459877,0.689219206571579,0.7841810882091521,SUB,094.csv
inv_temp,83.91879043579101,5.783404537344428,74.8680519104004,85.18716812133789,90.30882568359375,SUB,094.csv
cost_stop_error,0.350347331781194,0.08116845723293228,0.25143019647315734,0.3390638594312275,0.47215616197692634,SUB,094.csv
cost_time,0.0010000000000000002,2.28569887277129e-19,0.001,0.001,0.001,SUB,094.csv
cost_go_error,1.0,0.0,1.0,1.0,1.0,SUB,094.csv
cost_go_missing,1.0,0.0,1.0,1.0,1.0,SUB,094.csv
rate_stop_trial,0.16666666666666669,2.925694557147251e-17,0.16666666666666666,0.16666666666666666,0.16666666666666666,SUB,094.csv
q_d_n,0.39135896358639,0.23177817408517523,0.11360809868201614,0.3192606419324875,0.7235199570655821,SUB,095.csv
q_d,0.7945486724376678,0.11808636613193585,0.621355852484703,0.7863141000270844,0.9354780942201614,SUB,095.csv
q_s_n,0.4619037124328315,0.3092073698353341,0.05179104437120259,0.4442824125289917,0.9336429566144943,SUB,095.csv
q_s,0.6980191111564636,0.09173551918686838,0.5523071765899659,0.7173686623573303,0.7924416303634644,SUB,095.csv
inv_temp,86.21902770996094,10.690406001358916,71.25738258361817,85.19256973266602,98.65380401611328,SUB,095.csv
cost_stop_error,0.3785814297278397,0.14321011917698395,0.198773720213574,0.40222655744960933,0.5627753996948213,SUB,095.csv
cost_time,0.0010000000000000002,2.28569887277129e-19,0.001,0.001,0.001,SUB,095.csv
cost_go_error,1.0,0.0,1.0,1.0,1.0,SUB,095.csv
cost_go_missing,1.0,0.0,1.0,1.0,1.0,SUB,095.csv
rate_stop_trial,0.16666666666666669,2.925694557147251e-17,0.16666666666666666,0.16666666666666666,0.16666666666666666,SUB,095.csv
q_d_n,0.45134442746639253,0.11632815455142316,0.31402730345726015,0.44852444529533386,0.6011529058218003,SUB,096.csv
q_d,0.7721625864505768,0.1402610785329663,0.57696832716465,0.7716036140918732,0.9297602385282516,SUB,096.csv
q_s_n,0.25846751406788826,0.28069023573943475,0.041490547358989716,0.14359285682439804,0.7613439023494717,SUB,096.csv
q_s,0.7188541769981385,0.06598053190951668,0.6272904068231583,0.7344607710838318,0.7955424606800079,SUB,096.csv
inv_temp,89.99894943237305,7.902109839913961,78.62813529968261,92.00096893310547,99.38775978088378,SUB,096.csv
cost_stop_error,0.27337688051196163,0.06591608348110264,0.17677586302007042,0.2690165840622729,0.35542876871988993,SUB,096.csv
cost_time,0.0010000000000000002,2.28569887277129e-19,0.001,0.001,0.001,SUB,096.csv
cost_go_error,1.0,0.0,1.0,1.0,1.0,SUB,096.csv
cost_go_missing,1.0,0.0,1.0,1.0,1.0,SUB,096.csv
rate_stop_trial,0.16666666666666669,2.925694557147251e-17,0.16666666666666666,0.16666666666666666,0.16666666666666666,SUB,096.csv
q_d_n,0.4312829703092575,0.19767423614558635,0.17734287083148956,0.42903223633766174,0.7245529681444167,SUB,097.csv
q_d,0.7657793402671814,0.08945555273473904,0.6343146532773971,0.7547322511672974,0.8741762161254882,SUB,097.csv
q_s_n,0.5218334250152111,0.2910458362004954,0.1076067890971899,0.5762466788291931,0.9020742058753966,SUB,097.csv
q_s,0.7459477663040162,0.05228925588061396,0.6705137223005295,0.7513688504695892,0.8162725538015365,SUB,097.csv
inv_temp,85.79038352966309,10.839817274238982,68.87566509246827,88.60316467285156,96.51786346435547,SUB,097.csv
cost_stop_error,0.2518302832109428,0.08650377647540289,0.14979607918154744,0.25467093539361074,0.3729423428658763,SUB,097.csv
cost_time,0.0010000000000000002,2.28569887277129e-19,0.001,0.001,0.001,SUB,097.csv
cost_go_error,1.0,0.0,1.0,1.0,1.0,SUB,097.csv
cost_go_missing,1.0,0.0,1.0,1.0,1.0,SUB,097.csv
rate_stop_trial,0.16666666666666669,2.925694557147251e-17,0.16666666666666666,0.16666666666666666,0.16666666666666666,SUB,097.csv
q_d_n,0.3619972512125969,0.14456009675044043,0.2370772235095501,0.31295883655548096,0.6237346291542053,SUB,098.csv
q_d,0.8136318504810334,0.1433127157050226,0.5786654680967331,0.8601373434066772,0.9573290497064589,SUB,098.csv
q_s_n,0.4381341807544231,0.2827464713676201,0.11168845556676388,0.4482262283563614,0.8045504271984099,SUB,098.csv
q_s,0.732538366317749,0.06883764241105522,0.6220716059207916,0.7482083737850189,0.8037057131528854,SUB,098.csv
inv_temp,89.00224151611329,7.515742908389622,78.46194877624512,88.52960586547852,98.4868667602539,SUB,098.csv
cost_stop_error,0.5027964681482591,0.2359059997306705,0.18847666034155902,0.511813615181226,0.8511992039419412,SUB,098.csv
cost_time,0.0010000000000000002,2.28569887277129e-19,0.001,0.001,0.001,SUB,098.csv
cost_go_error,1.0,0.0,1.0,1.0,1.0,SUB,098.csv
cost_go_missing,1.0,0.0,1.0,1.0,1.0,SUB,098.csv
rate_stop_trial,0.16666666666666669,2.925694557147251e-17,0.16666666666666666,0.16666666666666666,0.16666666666666666,SUB,098.csv
q_d_n,0.4764571964740753,0.17038994736305674,0.22439889907836913,0.47523970901966095,0.7046155273914336,SUB,099.csv
q_d,0.7254570305347443,0.14703853661112415,0.5305569142103195,0.714333713054657,0.9402581721544265,SUB,099.csv
q_s_n,0.5196682766079903,0.2336072029660239,0.27646831795573235,0.4390135407447815,0.888669243454933,SUB,099.csv
q_s,0.7505734324455261,0.12256759093729855,0.5590436309576035,0.795338898897171,0.877838534116745,SUB,099.csv
inv_temp,84.8894546508789,8.22871307346124,75.54531402587891,83.82473373413086,98.76891479492187,SUB,099.csv
cost_stop_error,0.41020575325677217,0.14572538922476644,0.24411215339724038,0.4047082022580841,0.6247749457827637,SUB,099.csv
cost_time,0.0010000000000000002,2.28569887277129e-19,0.001,0.001,0.001,SUB,099.csv
cost_go_error,1.0,0.0,1.0,1.0,1.0,SUB,099.csv
cost_go_missing,1.0,0.0,1.0,1.0,1.0,SUB,099.csv
rate_stop_trial,0.16666666666666669,2.925694557147251e-17,0.16666666666666666,0.16666666666666666,0.16666666666666666,SUB,099.csv
q_d_n,0.4242638900876045,0.24042748696355778,0.10487445816397667,0.4663167744874954,0.7425687968730924,SUB,100.csv
q_d,0.723724639415741,0.13656690131336147,0.5541095644235611,0.7101192474365234,0.9096661448478698,SUB,100.csv
q_s_n,0.3525977632729337,0.29993462701773055,0.032640347362030295,0.23939623683691025,0.7913221865892409,SUB,100.csv
q_s,0.7212293803691864,0.09837248964034953,0.5928651839494705,0.7208139300346375,0.8563906878232955,SUB,100.csv
inv_temp,88.15494995117187,9.780662381598114,73.11365699768066,88.80684280395508,98.89154586791992,SUB,100.csv
cost_stop_error,0.5331833607397014,0.31953042100822343,0.2722273948727655,0.42624347430496534,1.0961923310055668,SUB,100.csv
cost_time,0.0010000000000000002,2.28569887277129e-19,0.001,0.001,0.001,SUB,100.csv
cost_go_error,1.0,0.0,1.0,1.0,1.0,SUB,100.csv
cost_go_missing,1.0,0.0,1.0,1.0,1.0,SUB,100.csv
rate_stop_trial,0.16666666666666669,2.925694557147251e-17,0.16666666666666666,0.16666666666666666,0.16666666666666666,SUB,100.csv
