case,gt_q_d_n,mu_q_d_n,hit90_q_d_n,gt_q_d,mu_q_d,hit90_q_d,gt_q_s_n,mu_q_s_n,hit90_q_s_n,gt_q_s,mu_q_s,hit90_q_s,gt_tau,mu_tau,hit90_tau,gt_inv_temp,mu_inv_temp,hit90_inv_temp,gt_cost_stop_error,mu_cost_stop_error,hit90_cost_stop_error,gt_cost_time,mu_cost_time,hit90_cost_time,gt_cost_go_error,mu_cost_go_error,hit90_cost_go_error,gt_cost_go_missing,mu_cost_go_missing,hit90_cost_go_missing
0,0.3838738118921833,0.63795537,1.0,0.5274681724709782,0.68940926,1.0,0.7944536388388209,0.7852047,1.0,0.8735904543773518,0.8899455,1.0,12.130807997841568,12.129734,1.0,61.997342697112714,30.22575,1.0,0.150481541017822,0.488148,1.0,0.0002364643451387228,0.001444175,1.0,0.012382135276100917,0.06847321,1.0,0.07450351166994373,254025.44,1.0
1,0.8839861935098836,0.61252946,1.0,0.5199479914473022,0.67511886,1.0,0.11717156191815958,0.504009,1.0,0.7088590362925054,0.72502184,1.0,12.250070066627927,12.241715,1.0,40.922327310273744,76.37399,1.0,0.3129238386818068,0.14855112,1.0,0.04948084023272822,0.033232044,0.0,0.6921059748609905,0.14753953,0.0,0.8280218015258164,0.35845187,1.0
2,0.4743912454867174,0.46174487,1.0,0.9140457873157255,0.91398007,1.0,0.8070420397712706,0.6192439,1.0,0.6276817378958872,0.5755217,1.0,14.511871853377452,14.740123,1.0,69.25358619467133,50.657608,1.0,1.540179024180456,0.7443796,1.0,0.008315239137924839,0.0017019772,0.0,1.1293085719281937,0.7225642,1.0,0.8005467749838664,137.69255,1.0
3,0.8727909680212564,0.6335231,0.0,0.9190343803544386,0.78944165,0.0,0.8529897406239461,0.44278565,1.0,0.7561941478291884,0.7635668,1.0,11.918191240862743,11.979507,1.0,10.661547830252193,34.18962,0.0,0.3576305388476516,0.1629913,1.0,0.00023535267557235262,0.0066406727,0.0,0.7614108871143389,0.9176755,1.0,0.021113469609503995,0.12604748,1.0
4,0.5312019186212737,0.44181302,1.0,0.822033002367452,0.79967123,1.0,0.510323783505929,0.4914429,1.0,0.5995525911234657,0.7391244,1.0,13.59602534304261,13.582814,1.0,29.23710353367457,35.629795,1.0,0.05527997735110736,0.2158368,1.0,0.015630861452578085,0.018782943,1.0,0.05486059564819721,0.10182837,1.0,1.6140635136074808,0.3703312,0.0
5,0.2546624994038176,0.5234221,1.0,0.5252114708875666,0.59533226,1.0,0.08033813831363434,0.24554007,0.0,0.6907513120321653,0.7668008,1.0,9.655586781472719,9.6631975,1.0,99.78526167485664,34.92147,0.0,0.15207198459836221,0.5040396,1.0,0.0007968545235465712,0.0018932024,1.0,0.5529100402181393,0.31552884,1.0,0.8298290452612346,0.18313608,0.0
6,0.3392419539700816,0.5250388,1.0,0.5460910921977257,0.73979163,0.0,0.8692399163932957,0.5092953,1.0,0.5402389214243668,0.7184757,1.0,13.545783345637666,13.538094,1.0,17.847959625669883,29.737137,1.0,0.018715721944541512,0.15917826,1.0,0.00011945958497712822,0.0014735464,1.0,0.2785969085657845,0.11099139,1.0,0.8395386238374486,0.3930517,1.0
7,0.36623039772959165,0.59396595,1.0,0.5595390257392375,0.650307,1.0,0.4414425585059568,0.51196814,1.0,0.790795250098919,0.7299392,1.0,15.729729760835067,15.7535715,1.0,20.80280657963736,26.676647,1.0,0.15118436267019228,0.15057944,1.0,0.00853585715099584,0.009318221,1.0,0.01000627208680867,0.08314746,0.0,0.03049211986305467,0.46113983,1.0
8,0.23574853474851443,0.60044533,1.0,0.810677375504053,0.67285264,1.0,0.4992609516725537,0.53654474,1.0,0.7651193040020825,0.73043114,1.0,5.694933174628336,5.704775,1.0,17.413028515512632,35.785362,1.0,0.29445201118928915,0.43140975,1.0,0.041745437552485526,0.023128174,1.0,0.02783215730050099,0.107802376,1.0,0.010273047962215887,0.43877864,0.0
9,0.05789404834681999,0.4099217,1.0,0.6887715264093022,0.82889915,0.0,0.6062273480195278,0.49418214,1.0,0.894334577969816,0.7169137,1.0,6.902406524316904,6.9184833,1.0,79.00827030238945,34.653214,1.0,0.03421234303215812,0.13578826,1.0,0.0016360393262624731,0.004185463,1.0,0.07569295994245781,0.20800714,1.0,0.016848056166917178,0.3592444,1.0
10,0.6503318495822474,0.37880442,0.0,0.9792760254059463,0.90011775,1.0,0.627161745069346,0.49768904,1.0,0.7225984019739051,0.7502384,1.0,14.920986226133438,14.93076,1.0,26.968173898086842,36.78895,1.0,0.1772778200891646,0.09442223,1.0,0.013860308047742492,0.009348804,1.0,0.2668750224738256,0.2928984,1.0,0.18899951213404276,0.3649549,1.0
11,0.8797077655417647,0.49062645,0.0,0.874278402243431,0.72898346,1.0,0.42829161559041196,0.6595296,1.0,0.6028954313780786,0.64661133,1.0,9.914470072530264,9.915298,1.0,15.524936085123116,35.027126,1.0,0.6696455404207772,0.6100601,1.0,0.00012933558554215085,0.0011103372,1.0,0.10674484127783168,0.15018891,1.0,0.047520169247581734,0.36676306,1.0
12,0.9777561756177464,0.5859357,0.0,0.9058889823115737,0.6487294,1.0,0.2964705540885215,0.55509204,1.0,0.7159136314804934,0.66832143,1.0,9.002448572420633,9.007104,1.0,21.07407846998043,27.567327,1.0,0.17957171724330703,0.25443685,1.0,0.0004482858703230252,0.00078560814,1.0,0.09404547456983806,0.16777375,1.0,0.035425663783303155,0.36743566,1.0
13,0.09925919439031394,0.62290126,1.0,0.7438591243192567,0.6426274,1.0,0.3406426417834397,0.4907313,1.0,0.9530167807208321,0.7360071,1.0,7.426481528087501,7.437682,1.0,19.46317318360128,30.228575,1.0,0.043900493915292264,0.16503908,1.0,0.030298638309826875,0.023165982,1.0,0.017538401583864036,0.11880691,1.0,0.4720969086712658,0.39135334,1.0
14,0.5723451817457028,0.37643224,1.0,0.8785998194851043,0.823038,1.0,0.896118543398266,0.8211615,1.0,0.9168760943789018,0.8802388,1.0,7.119583583458475,7.135688,1.0,96.78026047528239,42.34815,0.0,0.07889274538422524,0.5677166,0.0,0.00025239249091760674,0.0052694525,0.0,0.01415982211676426,0.13149045,0.0,0.15770257609547722,0.38770592,1.0
15,0.8975217503471823,0.49938032,1.0,0.9697704783614564,0.75945264,1.0,0.4893452984648715,0.5980595,1.0,0.5601609296359187,0.6660591,1.0,6.988788206301985,6.9918704,1.0,21.40884489061425,38.509605,1.0,0.08969059528875448,0.4874011,1.0,0.0017305167687646941,0.0045166533,1.0,0.08561031972986366,0.1555282,1.0,0.021488369318910832,0.39591682,1.0
16,0.5142186779537429,0.31930596,1.0,0.7762303434256563,0.7468329,1.0,0.3885670220852616,0.42115209,1.0,0.9837949342917947,0.90563476,1.0,15.93626996060728,14.227439,0.0,52.319690394998744,89.87287,1.0,1.1479233257117416,1.2102487,1.0,0.00035650315527150847,0.0005398517,1.0,0.8101222515342067,0.76270115,1.0,0.9932525297898409,0.6311071,1.0
17,0.8310726464223017,0.5356351,1.0,0.5994574091822417,0.693664,1.0,0.30052286053474486,0.6015716,1.0,0.6279906637270836,0.611627,1.0,15.045639425724923,15.061881,1.0,54.05157429773077,38.047775,1.0,0.06601445300083883,0.7147239,0.0,0.0013476675820718802,0.0029251284,1.0,0.3050895129491246,0.099708535,1.0,0.2513249713313887,0.5593904,1.0
18,0.4769515507917649,0.47414696,1.0,0.5873650376485358,0.60317004,1.0,0.6858088073067309,0.4774919,1.0,0.7786625310393187,0.7192305,1.0,8.523053342879429,7.935805,1.0,40.03204808269206,54.733414,1.0,0.17027039922643478,0.13583466,1.0,0.0014439615048789359,0.00037410803,0.0,1.7473911792687262,1.6211287,1.0,0.3212282495008051,0.28143337,1.0
19,0.2284495905097884,0.4295882,1.0,0.7950976203576886,0.8317222,1.0,0.4067560331470591,0.45470843,1.0,0.9090196541988083,0.7673741,1.0,15.519063920081088,15.914916,1.0,56.15423927724169,66.63502,1.0,0.08307568661065605,0.079143874,1.0,0.00686587541905579,0.010022646,1.0,1.2125091856997436,1.0780555,1.0,0.693980131854404,0.37205213,1.0
20,0.975406953273497,0.6445066,1.0,0.6686186641400074,0.6451332,1.0,0.4989380632862771,0.50003153,1.0,0.8101116974315112,0.803439,1.0,13.348759843830745,13.332063,1.0,32.68246108506197,48.01203,1.0,0.9238475548540311,2.6404898,1.0,0.00113591188410697,0.0037048918,1.0,0.014226321813847833,0.040552128,1.0,0.01404234993163914,0.48274815,0.0
21,0.43285088028559426,0.3161198,1.0,0.9121195371396003,0.86078835,1.0,0.08075202681315474,0.6490243,0.0,0.9707605029945257,0.8415842,1.0,15.487356628019443,15.523492,1.0,71.31763366033083,93.08755,0.0,1.7093229113307726,1.6612788,1.0,0.049744316773535496,0.046088032,1.0,0.03688979015992029,0.06463308,1.0,0.011048748716244129,0.5943728,0.0
22,0.9356778136617299,0.6607122,1.0,0.6223581455341693,0.6749646,1.0,0.8018922034359557,0.82931304,1.0,0.887006224317004,0.9302047,1.0,13.040939988806848,13.0802145,1.0,10.559914203330807,32.53931,0.0,1.8363134932129463,1.0486772,0.0,0.0007371435806298547,0.0023907423,1.0,0.025536349398966693,0.06260857,1.0,0.0867474611249113,0.2917685,1.0
23,0.3003056016785216,0.4314148,1.0,0.9325724973728251,0.8040471,1.0,0.9101761122298847,0.5363334,1.0,0.8333661504458214,0.7465897,1.0,5.338325961328675,5.34498,1.0,65.51218298847627,37.36887,1.0,0.05099307776159913,0.33455417,1.0,0.0035386718316749747,0.015866648,0.0,0.01296132417641946,0.1152196,0.0,0.277363820788549,0.3788481,1.0
24,0.8585956490089683,0.65607387,1.0,0.5767082075332138,0.6713861,1.0,0.8945203162653818,0.91252136,1.0,0.812287720138753,0.9078186,1.0,15.397489697430721,14.845831,1.0,84.84929314748327,84.49237,1.0,1.2108579898963259,1.8248246,0.0,0.00018450011304949905,0.00028853453,1.0,0.5329762494127237,0.13516499,0.0,0.39237779505732756,0.5209253,1.0
25,0.5409694487287198,0.595708,1.0,0.7447607674631254,0.7768226,1.0,0.8537691156012583,0.8263021,1.0,0.9037030856162416,0.8178916,1.0,12.46982384761256,11.538278,1.0,54.634520546776606,49.044136,1.0,0.25361109763171585,0.96655965,0.0,0.0002557089685872327,0.0012158417,1.0,1.1240205635165614,0.8385264,1.0,0.03188793550089523,0.11983373,1.0
26,0.5595913515470562,0.60114527,1.0,0.720149371039499,0.77603036,1.0,0.24421776261316175,0.47298464,1.0,0.7002579187991511,0.77117974,1.0,11.22179782766472,11.210852,1.0,17.39001034892658,34.05425,1.0,0.9532628104578443,0.10919902,0.0,0.02780192975130575,0.006794501,0.0,1.3206014362583036,0.5573313,1.0,0.1202759795167917,0.37247947,1.0
27,0.6919151855772632,0.5738312,1.0,0.511258471950681,0.5272672,1.0,0.2832355366845596,0.5698007,1.0,0.830081635552957,0.72468734,1.0,6.20690897725731,9.602751,1.0,30.147649916779017,59.331955,1.0,1.5465769173682438,2299.522,1.0,0.003361818761490019,0.0018316453,1.0,1.0483634262503045,1.3326043,1.0,0.029359913598343203,0.07929867,1.0
28,0.22369325294371467,0.35709357,1.0,0.7970022659701289,0.81572694,1.0,0.8674920040748434,0.505806,1.0,0.9874527449662865,0.73267,0.0,14.814168192716295,15.224346,1.0,92.44427984647702,59.741917,0.0,0.01494951881688937,0.049601853,1.0,0.0001073829203947205,0.00087744306,0.0,1.0767316462888148,1.237627,1.0,0.02832609547210083,0.45775807,1.0
29,0.166822403540136,0.6259042,1.0,0.5260901521903029,0.639115,1.0,0.32832254384611104,0.3849036,1.0,0.9148248628290068,0.8782319,1.0,12.30717051753439,12.296912,1.0,91.84690906016456,31.470331,0.0,0.05141064122429323,0.53467137,0.0,0.00016212594819051617,0.0048552845,0.0,0.014933029612108387,0.06526768,1.0,0.9633169732399252,0.41276348,1.0
30,0.9796840790186637,0.6149873,0.0,0.7304600852311707,0.69067746,1.0,0.738197697658653,0.5361358,1.0,0.8657002860466334,0.7631376,1.0,10.347187561724487,10.33358,1.0,41.78764592017831,74.933876,0.0,0.9234579313081364,0.48981884,1.0,0.04391558044087598,0.03805627,1.0,0.062404190773511954,0.114657074,1.0,0.04343772078967649,0.42136663,1.0
31,0.9673813030246541,0.6788814,1.0,0.8621602889292346,0.5848407,0.0,0.3305136412675308,0.39708862,1.0,0.9563065111972098,0.95943433,1.0,9.683890316571889,9.701764,1.0,14.808613915286928,32.98326,1.0,0.6607756767852501,0.64241964,1.0,0.0009883753920125423,0.0032232413,1.0,0.012480907069019151,0.1362938,1.0,1.1593854231148633,0.3745427,1.0
32,0.31251341328094795,0.17233105,1.0,0.7281305206394647,0.6884591,0.0,0.973431076299591,0.5709464,0.0,0.8888541179518298,0.6792848,1.0,15.08688965156767,15.165707,1.0,21.355868406173784,32.11144,1.0,0.062156321246141955,0.11529809,1.0,0.0021377932096102513,0.0060370876,1.0,0.663798758337619,0.8118198,1.0,0.01114275442028212,0.55964524,0.0
33,0.3185484394815209,0.5283765,1.0,0.7443364686119547,0.76143396,1.0,0.7952171049470269,0.5413146,1.0,0.7004938830378158,0.7122229,1.0,9.102471209482763,9.104287,1.0,54.83349767223595,31.889742,1.0,0.024481623367227066,0.13904108,1.0,0.0006100172889892232,0.002195983,1.0,0.04064920907624253,0.13715543,1.0,0.09126800867973349,0.38504553,1.0
34,0.384269621921446,0.3816076,1.0,0.9564985637166266,0.98413146,0.0,0.950626218416688,0.4989247,1.0,0.7894449780999827,0.758037,1.0,5.378688574934433,5.411331,1.0,17.356854746009336,65.94079,1.0,0.04817512954741801,0.07547397,1.0,0.014876006400510232,0.006063571,1.0,1.4926731339018677,0.88346165,1.0,1.0172361111978436,0.39001226,1.0
35,0.544118657280773,0.42493007,1.0,0.6950505888641643,0.68245196,1.0,0.2315693547127412,0.253412,1.0,0.7305661968491397,0.7755784,1.0,14.215328386777287,12.325165,0.0,26.316707031463633,62.076374,0.0,1.9466488550104586,1.1802424,0.0,0.00011775536229145545,0.0003804257,1.0,0.6266936629054174,0.7380437,1.0,0.015750520694277004,0.15874915,1.0
36,0.3294824781736725,0.17324975,1.0,0.9009609519997028,0.8407935,1.0,0.1859257696661144,0.52647763,1.0,0.985036357807027,0.7006194,0.0,11.681764173627656,11.698822,1.0,30.959409321126397,35.29615,1.0,0.04346621779257288,0.07303694,1.0,0.00013342190935540995,0.014594321,0.0,0.1419070562817103,0.5196376,1.0,1.9995836428391958,0.38316515,0.0
37,0.11414607014392286,0.573802,1.0,0.6337797148328155,0.7862285,0.0,0.7615023343546908,0.5197035,1.0,0.7084433598004305,0.72216195,1.0,8.936203671030848,8.947459,1.0,10.89599534220728,34.434174,0.0,0.04355993589902119,0.11043763,1.0,0.0004795301399410267,0.0036217151,1.0,0.31167349788942,0.24635355,1.0,0.021081200561984197,0.32141143,1.0
38,0.8645539049917667,0.5821704,1.0,0.5358481796552437,0.67595154,1.0,0.2850018436874927,0.4936709,1.0,0.6013654925532623,0.7307031,1.0,15.197392755634995,15.187821,1.0,20.24942165900417,28.85199,1.0,0.029429181037945708,0.16648816,1.0,0.00910880394259518,0.015812676,1.0,0.026018098630863937,0.098122016,1.0,0.7676396478402786,0.4474721,1.0
39,0.06361798697428656,0.5952604,0.0,0.6675779129186913,0.6554873,1.0,0.7073833318144999,0.5341854,1.0,0.5594162178864867,0.71790457,1.0,13.482036612175573,13.468029,1.0,44.75630751427265,26.047329,1.0,0.09335214379072472,0.120947175,1.0,0.00020765656438661998,0.001027901,1.0,0.021462981121923255,0.13679667,1.0,0.6028928011271723,0.4508548,1.0
40,0.9204016048146458,0.6126937,1.0,0.9266628051133751,0.6703668,0.0,0.9647701092597218,0.51628935,0.0,0.8204625966729033,0.72900337,1.0,9.60269820579595,9.584073,1.0,23.68539966481941,33.15104,1.0,0.27230842957041457,0.1638587,1.0,0.01208901627010453,0.023222942,1.0,0.016868814825225443,0.114943564,1.0,0.1055720960464834,0.40195367,1.0
41,0.5904710871819723,0.59723264,1.0,0.551255503518737,0.7105376,1.0,0.4290958067823296,0.45727202,1.0,0.7535409605684091,0.75098264,1.0,14.151606965350457,14.18417,1.0,12.465334602959713,37.27622,0.0,1.320907627576375,0.90203094,1.0,0.0038259768855980736,0.0032044621,1.0,0.3241510894573293,0.07144636,0.0,0.04171825084905929,0.36836857,1.0
42,0.350594616773111,0.5196509,1.0,0.9867296902903335,0.78323644,0.0,0.3517325377858743,0.2661331,0.0,0.8014556239303401,0.8652543,1.0,15.32989706245065,13.666807,0.0,44.72893048506875,63.173634,1.0,1.2571920232406708,1.2580488,1.0,0.00019286258297349895,0.0007451376,1.0,0.01733183913076926,0.02803116,1.0,0.10707200081926588,0.49232718,1.0
43,0.5371118913962524,0.52051556,1.0,0.7952827333903716,0.83928895,1.0,0.9047460652859624,0.89829594,1.0,0.809784756036862,0.8333128,1.0,5.581408903325664,4.729592,1.0,81.02638041248517,91.02228,1.0,1.1796439497225408,1.6282227,1.0,0.003235230732921454,0.0047233505,1.0,0.17673785486617316,0.17732206,1.0,0.06331531827804913,0.067668036,1.0
44,0.8049966600952312,0.55410755,1.0,0.6008047573573182,0.7119231,1.0,0.11115323324913351,0.5088831,1.0,0.7416140809382792,0.7416452,1.0,12.171094742734459,12.157698,1.0,34.726152690483985,30.21864,1.0,0.12235122868091919,0.1691052,1.0,0.012438903520696577,0.018221406,1.0,0.10600621311113836,0.11688419,1.0,0.12963468600064226,0.40410855,1.0
45,0.02201433996628599,0.53345764,0.0,0.5705221404207221,0.6424294,1.0,0.38157762679194696,0.17425297,0.0,0.6335180824607705,0.6554642,1.0,8.67028841310373,8.6396055,1.0,11.178377608098566,31.310535,0.0,1.7423436317133563,0.9393335,1.0,0.0027980214982955376,0.0014427634,1.0,0.7302990462038249,0.34696487,1.0,0.08247062268557241,0.046667047,1.0
46,0.26609223110656466,0.62620157,1.0,0.5830557525598677,0.651723,1.0,0.20061456829952895,0.32483453,1.0,0.7602514990698854,0.8135502,1.0,4.318994362851475,4.3051863,1.0,24.592826173943568,27.08082,1.0,0.15522122126398627,0.26491687,1.0,0.00036562751392345147,0.0013145668,1.0,0.02063761206759396,0.06023082,1.0,0.07019071077973685,0.39016148,1.0
47,0.3321074781430461,0.40951288,1.0,0.9621354446973296,0.81480664,1.0,0.8779076585479078,0.48991537,1.0,0.6963030369197172,0.74236715,1.0,5.852079090223533,5.871449,1.0,12.918212310058045,32.827698,1.0,0.014233530797219073,0.051962655,1.0,0.00034837742190933584,0.012357599,0.0,0.05796500546896535,0.19968131,1.0,0.035816408039539255,0.42830914,1.0
48,0.04589689043166956,0.088377334,1.0,0.9206052597854176,0.91772765,1.0,0.11760106824849914,0.29143396,1.0,0.7893382620102991,0.83395797,1.0,7.321241396295689,7.3600345,1.0,98.36557438907921,70.53378,1.0,0.4845545856156457,0.9808959,1.0,0.011206897597185995,0.022617478,0.0,0.062278825255945296,0.16490427,1.0,0.9060413129702225,0.47434253,1.0
49,0.2878060227379454,0.4144007,1.0,0.6149685130992122,0.80122435,1.0,0.8895436510335296,0.4806384,1.0,0.9014132070176382,0.74900573,1.0,14.680529075893489,14.675542,1.0,43.03263782006539,37.745834,1.0,0.14160900395355505,0.3397162,1.0,0.018900051167928193,0.018456032,1.0,0.259287636024587,0.10201183,1.0,0.5787084042143004,0.443896,1.0
50,0.8398719697495798,0.50238776,1.0,0.7996961515794412,0.7526089,1.0,0.10382158519878948,0.50009304,1.0,0.8925198259025782,0.73139113,1.0,13.94167458155103,13.925245,1.0,76.74452727907877,70.00531,1.0,0.06254178614489335,0.1482214,1.0,0.03847145478179364,0.029679976,1.0,0.5251203402993518,0.13721915,0.0,0.27128015226950786,0.36672264,1.0
51,0.8357455950039067,0.8229879,1.0,0.6877516265553676,0.7627185,1.0,0.7478085139402271,0.47980225,1.0,0.9753716489323094,0.77147865,1.0,4.772885051671649,4.7667413,1.0,53.08464705405947,34.05992,1.0,0.02234320364200516,0.073233135,1.0,0.00394351640918551,0.0032975103,1.0,0.5143830626861349,0.53951776,1.0,0.2234962366092504,0.52112526,1.0
52,0.3926538502614344,0.3075968,1.0,0.7769954011750027,0.781655,1.0,0.10626258988634874,0.50692976,1.0,0.5305539967740086,0.7128147,1.0,10.365487659610698,10.353122,1.0,31.42213417365133,32.213654,1.0,0.1194302066639769,0.10741928,1.0,0.006020951830945264,20.56999,1.0,0.3825689538350944,0.4370544,1.0,0.2114358820127107,0.33300278,1.0
53,0.6190019667330988,0.5798249,1.0,0.6689094226192008,0.66751313,1.0,0.4443908511404041,0.5502075,1.0,0.520396407474524,0.65586746,1.0,15.209433306194878,14.533495,1.0,61.754488231207034,54.69578,1.0,0.04946635672005211,0.18948375,1.0,0.00010529564828240179,0.0007527635,0.0,0.476342339044053,0.80342805,1.0,1.428111746108377,0.9882913,1.0
54,0.9271767643602902,0.60294867,1.0,0.6906214755349038,0.7087244,1.0,0.7855914120998475,0.70473766,1.0,0.9741431420377438,0.93421215,1.0,14.204687876993457,14.200779,1.0,96.02897026526944,34.10151,0.0,0.08902926220536855,0.3277735,1.0,0.0005027359184971294,0.0013999596,1.0,0.03481468692771743,0.09708948,1.0,0.530070854738491,0.47015706,1.0
55,0.448386117814941,0.5757883,1.0,0.5141787836703585,0.6688446,1.0,0.40216230704567735,0.52004504,1.0,0.7906386783650812,0.73329836,1.0,7.1324098765352595,7.1336007,1.0,74.98132235834305,31.700964,1.0,0.02084937778760125,0.34713525,1.0,0.0058493789915383424,0.01798317,1.0,0.024265590277032855,0.09769928,1.0,0.7818444710013785,0.40169784,1.0
56,0.5709778994666845,0.5824087,1.0,0.6279833905696377,0.6941254,1.0,0.9890279917696673,0.6225227,0.0,0.9105206725774295,0.5910664,0.0,15.81388024551487,15.865398,1.0,50.3658205300852,28.962675,1.0,0.31780817107785725,0.78998214,1.0,0.00010551240317504136,0.00060704624,0.0,0.031845418975567384,0.09669426,1.0,0.28031525246381933,0.4138359,1.0
57,0.023637982408115543,0.55838233,0.0,0.6991681404266792,0.70942163,1.0,0.2961329564345583,0.5093237,1.0,0.744959843573014,0.7325331,1.0,11.918005501228523,11.902563,1.0,21.086072914964404,27.76598,1.0,0.024279579790365553,0.08131047,1.0,0.004207115157099459,0.0018733385,1.0,0.06008889664575359,0.09615386,1.0,1.6351739958360358,0.43105397,0.0
58,0.9316786875405608,0.6034696,1.0,0.5524620380173567,0.679368,1.0,0.574841103153181,0.50716996,1.0,0.8933345214819453,0.94953877,1.0,7.755914276739599,7.7472954,1.0,13.623623933614969,40.51346,1.0,0.9662439849252855,0.5777117,1.0,0.005365626127964162,0.0038594338,1.0,0.015712901683405483,0.07818379,1.0,1.4912460377303471,0.37571308,1.0
59,0.24849003474747,0.20155671,1.0,0.973362098547733,0.9748885,1.0,0.9869305831300696,0.49322468,0.0,0.7830346062406432,0.7646681,1.0,9.186806279663994,9.202502,1.0,61.57488726072983,41.242313,1.0,0.01103578269712745,0.14418553,0.0,0.009876324894008097,0.014433632,1.0,0.3190223586896862,0.5249425,1.0,0.5991476853647527,0.37959924,1.0
60,0.3526793975559904,0.3346185,1.0,0.7992440418108808,0.7799105,1.0,0.8746138017401172,0.55805415,1.0,0.7615713936417952,0.66969395,1.0,11.376203784549256,11.375735,1.0,11.551219913442369,33.263844,1.0,0.023994866402072833,0.0968019,1.0,0.003338814404786549,0.004503213,1.0,1.622214475190111,0.8215443,0.0,0.010036379142362736,0.4235872,0.0
61,0.918013607788197,0.57536805,1.0,0.853089429454418,0.68410623,1.0,0.9785971817947118,0.5320785,0.0,0.9869262079058536,0.7279933,0.0,4.440761602050401,4.440707,1.0,14.778438349820382,28.325571,1.0,0.035868598001569454,0.2671125,1.0,0.0008633161428192504,0.0056067924,1.0,0.011632743256095633,0.07289223,1.0,0.4373988112733206,0.43856138,1.0
62,0.1790078445180152,0.5840584,1.0,0.5284931763328361,0.6716984,1.0,0.5054722871686765,0.57167596,1.0,0.6954663213261576,0.6524912,1.0,15.663152359309935,15.690799,1.0,11.680186452142086,26.182518,1.0,0.1244895627859171,0.3292076,1.0,0.0023933136863350957,0.0010634038,1.0,0.48944138279374916,0.15664743,1.0,0.05876368345646757,1125301.1,1.0
63,0.9125766773201032,0.58836174,1.0,0.6472250109679774,0.6841186,1.0,0.8179800833256972,0.5280523,1.0,0.6126694507881504,0.72945166,1.0,8.170760460772694,8.176224,1.0,12.065229280707735,30.987951,1.0,0.1079070296369012,0.21871704,1.0,0.0323838408352997,0.011207588,0.0,0.7793788610799793,0.097326204,0.0,0.030821457553457214,0.39104426,1.0
64,0.9649824344542016,0.87302417,1.0,0.7912876765415886,0.73085606,1.0,0.7111746037183017,0.8061845,0.0,0.8575962772416053,0.9136166,1.0,14.903730891461038,15.548981,1.0,92.24575000019419,68.397766,1.0,1.0749203409570351,320.12515,1.0,0.006054461354763864,0.00913122,1.0,0.4279264165370649,0.678347,1.0,0.0228626605078862,0.03791088,1.0
65,0.5839909928886681,0.5499851,1.0,0.8270895066055388,0.86424506,1.0,0.39844986451026365,0.46663573,1.0,0.6527595592868216,0.77197754,1.0,10.07016609347899,10.079688,1.0,24.296995182098243,38.59349,1.0,0.09146268300160093,0.06417023,1.0,0.044707533902219335,0.014719363,0.0,1.5462739684324753,0.6140583,0.0,0.04136984223011909,0.35045618,1.0
66,0.21193687563094965,0.26849294,1.0,0.8976338189480328,0.89641505,1.0,0.9839649282944042,0.6086405,0.0,0.8697252067035974,0.59979063,0.0,11.837457874517078,11.845042,1.0,29.585582854505997,39.60568,1.0,0.6362614432954771,0.71449775,1.0,0.000258630545245265,0.0009097143,1.0,0.9870337074249751,0.8140388,1.0,1.8768894850255917,0.46601707,0.0
67,0.6497744356744394,0.5344249,1.0,0.8211083168400244,0.83649135,1.0,0.5028061659304423,0.50632524,1.0,0.7685793142210992,0.7261189,1.0,10.171763698796342,10.183849,1.0,25.426254796840027,33.24026,1.0,0.010394661557233785,0.0894191,0.0,0.0008742793358613776,0.0038478042,1.0,0.1597580051497453,0.23562011,1.0,0.23948832251320418,0.3453137,1.0
68,0.03152922219973098,0.35609227,1.0,0.5790742415524405,0.67717916,1.0,0.9194183693746383,0.63991016,0.0,0.9134287373123189,0.6821107,0.0,5.77701906987343,5.8008595,1.0,12.060875962813654,28.212605,1.0,0.8927968534370286,0.9260121,1.0,0.0006985941123940542,0.00045512686,1.0,0.701685569380404,0.17586681,0.0,0.1654160120421255,0.06350422,1.0
69,0.9426304557557675,0.68490314,1.0,0.5431346591246561,0.5429297,1.0,0.43537488527475765,0.6017482,1.0,0.8207338657797838,0.68639296,1.0,8.419577506228503,8.163142,1.0,18.777385042971716,37.68747,1.0,1.4940642892153195,5726.105,1.0,0.0012901659893383888,0.0010635151,1.0,0.8331141322962079,0.8072914,1.0,0.0628880011198006,0.07639542,1.0
70,0.6567978510348094,0.5582524,1.0,0.6312243764402266,0.7256982,1.0,0.019512470967639528,0.5031845,0.0,0.687356196861411,0.73440313,1.0,7.140053803622738,7.1511474,1.0,74.20129688298509,38.65439,1.0,0.023809412422284956,0.19926542,1.0,0.0167197447385647,0.024551148,1.0,0.19218618546214966,0.11515613,1.0,0.16586489248847253,0.38706544,1.0
71,0.7133927380102707,0.4964907,1.0,0.6767337584405939,0.7550809,1.0,0.15384050359592583,0.15149258,1.0,0.8434892783500203,0.8926312,1.0,5.229177685722132,5.209531,1.0,17.738276585619374,36.434666,1.0,1.5674220532144494,0.91085166,1.0,0.0014670367356856065,0.00037556989,0.0,0.1083639928273947,0.07377385,1.0,0.010930628003853833,0.35036907,0.0
72,0.12296839801284154,0.5793002,1.0,0.8385786934832822,0.69947535,1.0,0.5304151610123047,0.50379235,1.0,0.9709708578944797,0.72755647,0.0,12.114056823688363,12.10012,1.0,22.876975278252154,27.71904,1.0,0.08208505467692538,0.07318993,1.0,0.00481024353314252,0.006721588,1.0,0.011140980849219318,0.09937616,1.0,0.13851730913249188,11695.129,1.0
73,0.6843856237189381,0.73035353,1.0,0.7567483841777976,0.7553039,1.0,0.7985774241328587,0.48153004,1.0,0.8776049863228248,0.74901485,1.0,13.309231273488134,13.316949,1.0,11.400930371149258,29.677013,1.0,0.05163306641257672,0.090543464,1.0,0.0008412161137223915,0.0012476165,1.0,0.7633018689936801,0.43880004,1.0,1.3599040007826881,0.4791357,1.0
74,0.13718618534606275,0.38484603,1.0,0.6851732118501849,0.83408946,1.0,0.03975177865171353,0.23217916,0.0,0.9261173093031009,0.8704695,1.0,12.842456442120172,12.856359,1.0,10.881853448416425,55.792976,0.0,0.44468979363168165,0.2788789,1.0,0.0005865368545840908,0.0013877555,1.0,0.1434762253473108,0.08434572,1.0,0.015482451675523213,0.4199502,1.0
75,0.09833685744536735,0.10562161,1.0,0.730443195141502,0.73597854,1.0,0.9869509504685395,0.5099493,0.0,0.5865133913957152,0.66601443,1.0,7.626276838404569,7.2373614,1.0,28.470704192065075,56.614887,1.0,0.0711410930444778,0.1530824,1.0,0.0002682025976589707,0.0012724245,1.0,1.8852914196226354,94.91177,1.0,0.020195018564929095,0.08428713,1.0
76,0.1730341172607417,0.37957317,1.0,0.8755310983936875,0.82610095,1.0,0.35613685375590864,0.51962584,1.0,0.6766356235198019,0.73170286,1.0,10.860196261824559,10.844715,1.0,17.459584957412577,35.925243,1.0,0.25030947994921376,0.16227543,1.0,0.002340581735214222,0.0056952955,1.0,0.044784487313641715,0.11157723,1.0,0.012992613716611073,0.38584334,0.0
77,0.705824016356901,0.54390824,1.0,0.634784983860853,0.70212096,1.0,0.44459129833797295,0.5353397,1.0,0.5869390129905403,0.741233,1.0,9.560451552104697,9.544015,1.0,12.523835536176136,33.51521,1.0,0.9538401957831262,0.512526,1.0,0.012020811625607884,0.016420085,1.0,0.03140333311316036,0.10816406,1.0,0.10292419161343885,0.4207854,1.0
78,0.6361070418958421,0.48083723,1.0,0.7016587394655807,0.8091045,1.0,0.6135514388244696,0.6797587,0.0,0.9917923404397344,0.94333863,0.0,6.132186869576303,8.789331,0.0,38.901943714423524,54.718616,1.0,1.7109835497310915,1.1894559,1.0,0.0009025876425088796,0.0012424847,1.0,0.044031445274223466,0.03300051,1.0,0.0528325170978044,0.47814316,1.0
79,0.6021497009000051,0.5629523,1.0,0.7847172512183345,0.7748752,1.0,0.8590018123397052,0.55979097,1.0,0.6246793681077185,0.677343,1.0,10.582903459891064,10.445217,1.0,31.105143132679146,64.85763,1.0,0.2149910283951908,0.11521326,1.0,0.0015414090648988724,0.002108797,1.0,0.9763879200803072,1.1567607,1.0,0.35114921224425044,0.18199249,1.0
80,0.018650632570400116,0.23568158,0.0,0.6229329833492117,0.67843455,0.0,0.6442672197995369,0.5704299,1.0,0.7101276478502214,0.6767192,1.0,12.919678555846161,12.907734,1.0,18.59051485624092,29.297413,1.0,0.012033761562329097,0.14958887,0.0,0.000328359443349845,0.0010221989,1.0,0.5644371368038893,0.517823,1.0,0.1830623857864267,0.30326426,1.0
81,0.990348742205215,0.5837942,0.0,0.5579130229227596,0.68008286,1.0,0.9880389851016975,0.5239213,0.0,0.851288114721267,0.7322512,1.0,10.189463373454661,10.179229,1.0,46.426795283547655,37.865868,1.0,0.018828563033976814,0.23035853,1.0,0.015960706426419977,0.025147999,1.0,0.06985390118072254,0.12202327,1.0,0.05290687415906483,511284.9,1.0
82,0.9632325466914428,0.60503566,1.0,0.5192934204428121,0.66566277,1.0,0.9929437633123431,0.5267441,0.0,0.8403106715640333,0.73196447,1.0,11.576105981143296,11.561338,1.0,23.956288058747674,30.66948,1.0,0.04316448270362413,0.35887402,1.0,0.01840212756064665,0.02104351,1.0,0.10080118478945051,0.09993921,1.0,1.687816859689433,0.39868236,0.0
83,0.5589603239354898,0.27509254,0.0,0.9755571757486227,0.8913459,1.0,0.10485288340904708,0.49357337,1.0,0.7286018834102345,0.72652566,1.0,8.513975008364952,8.507266,1.0,84.79264400715583,45.318516,1.0,0.028922257924284493,0.097993866,1.0,0.015361012124588682,0.026027545,1.0,0.09673323137253806,0.15646566,1.0,0.07118849791485034,0.3678743,1.0
84,0.33805257675994504,0.5313457,1.0,0.5438796014387386,0.7085225,1.0,0.6012826135944938,0.54673094,1.0,0.9896835971368974,0.75290173,0.0,12.343753186465635,12.348348,1.0,12.137139998705656,29.66574,1.0,0.15610452811135225,0.27838883,1.0,0.00015079785438072284,0.000535572,1.0,0.3533017736021,0.10591281,0.0,0.0857917043246412,0.40103948,1.0
85,0.5370540951672197,0.5985419,1.0,0.5129644946999457,0.53589475,1.0,0.8750592719869216,0.58079135,1.0,0.943241467598181,0.7637041,1.0,7.784041115021267,5.6856327,0.0,19.512531929346704,55.555347,1.0,0.011433330945214953,0.14881155,0.0,0.000709261854366291,0.00608031,1.0,1.844924857795307,1.3060833,1.0,0.2535332804751423,0.052308936,0.0
86,0.8487580753851437,0.59050894,1.0,0.9905629677821155,0.6896652,0.0,0.12241125994384872,0.50025696,1.0,0.5705639063585963,0.7411033,1.0,13.061147913515455,13.048256,1.0,23.640074788290637,27.898891,1.0,0.04775800511699989,0.07113997,1.0,0.01107252305324269,0.005622703,1.0,0.010558464539371723,0.085471004,0.0,0.03055630395341132,0.4027786,1.0
87,0.27522223854219985,0.21984808,1.0,0.963379891572556,0.94506776,1.0,0.44118338587206496,0.54054326,1.0,0.7039910526512312,0.719853,1.0,5.908262046333814,5.916071,1.0,24.027391522723885,36.971157,1.0,0.02971108047556484,0.23061147,1.0,0.002467164593511158,0.006204758,1.0,0.6161713064753487,0.40909266,1.0,0.08679499795849309,103133.42,1.0
88,0.2793743347723867,0.39396352,1.0,0.5830121171019155,0.6007492,1.0,0.14282675938366507,0.609903,1.0,0.6531154178082842,0.6628276,1.0,6.22487528874789,6.276274,1.0,28.97255270638085,43.356876,1.0,0.10963923061744875,0.6702721,1.0,0.010031623505576044,0.011721799,1.0,1.0952675288989753,0.9501853,1.0,0.01871265795470721,0.029861815,1.0
89,0.8967902314595749,0.5779129,1.0,0.5382023331241443,0.6792422,1.0,0.8918444974923265,0.5070023,1.0,0.7284736690678029,0.7291111,1.0,13.51625057137527,13.495684,1.0,37.58493337862159,28.455248,1.0,0.02258919485340661,0.09653607,1.0,0.00047511991563412264,0.0066350787,0.0,0.014346633293268862,0.070299186,1.0,0.0917761056164475,0.43948975,1.0
90,0.8681046520416339,0.5965095,1.0,0.5015631444993136,0.6743716,0.0,0.7190877075976059,0.50937796,1.0,0.5714891421229624,0.7273231,1.0,10.313005417810217,10.305371,1.0,12.903514760668058,37.75993,0.0,0.4999540211948716,0.2049578,1.0,0.0452046761077108,0.024661712,0.0,0.011380626015820584,0.11907101,1.0,1.258784820935067,0.4074248,1.0
91,0.7122507755701806,0.58475035,1.0,0.5002345752136041,0.66097105,0.0,0.9992300176384609,0.5179263,0.0,0.5732987520205854,0.74312156,1.0,13.159872974461978,13.150557,1.0,25.325910472715844,28.45781,1.0,0.2197085565698445,0.06473848,0.0,0.0003904998073858995,0.009411439,0.0,0.22053961832396213,0.14212693,1.0,0.2268614557629118,0.4694841,1.0
92,0.6737185699916465,0.57918763,1.0,0.5537903143656004,0.68330944,1.0,0.6724309229538376,0.66489565,1.0,0.5572095530032339,0.61121154,1.0,12.545874371277053,12.551881,1.0,43.03633115367455,28.772758,1.0,0.36723503411412023,0.7737235,1.0,0.0002738127831814114,0.0008053679,1.0,0.18714356386020148,0.08874742,1.0,0.3155521274006926,0.48795202,1.0
93,0.6513946888322257,0.33537903,1.0,0.7181611876743118,0.78632164,1.0,0.4935993471810477,0.517127,1.0,0.7918017504189919,0.8128667,1.0,6.937241954141829,6.954073,1.0,64.29911784471376,35.1231,1.0,0.06436947582059423,0.15702222,1.0,0.0007049385240300001,0.0033347518,1.0,0.05782382333546621,0.19640668,1.0,1.0277146896346143,0.4032422,1.0
94,0.197937277433616,0.2704952,1.0,0.9856996548588266,0.8520296,1.0,0.6539489097427792,0.5169678,1.0,0.5304449091397129,0.72892815,1.0,6.73329791583054,6.7429967,1.0,37.880768966517785,38.35397,1.0,0.133949959099492,0.16909009,1.0,0.001538239518041092,0.010753133,1.0,0.03453775429809689,0.13959736,1.0,0.09264300512657417,0.38208655,1.0
95,0.5806077370162127,0.63715124,1.0,0.5675892260255566,0.5667007,1.0,0.7108027634750538,0.51873976,1.0,0.6360994498214794,0.7522019,1.0,9.762058062162403,9.817713,1.0,30.804643352776786,35.407024,1.0,0.013380040976237954,0.05902536,1.0,0.006539169650473782,0.0015488177,0.0,1.8142852850226945,0.79047394,0.0,0.5837656767202201,6091.3774,1.0
96,0.10529354080566733,0.28547242,1.0,0.9753679850298254,0.91385716,1.0,0.27595847065429335,0.29960474,1.0,0.8129307790307743,0.76917577,1.0,8.099992367571215,6.109085,0.0,33.65917592948842,53.66661,1.0,0.7562835003395358,0.93337554,1.0,0.00017285060135789835,0.0011552998,0.0,0.6888441705834679,0.7413837,1.0,0.29891078591132597,0.5716148,1.0
97,0.7115248434773781,0.47342917,1.0,0.9043228552727036,0.7778204,1.0,0.2690135497372601,0.5082273,1.0,0.7111394969558029,0.72837555,1.0,7.481002690281831,7.488934,1.0,22.040392620249396,33.01582,1.0,0.010080694424508147,0.08363118,0.0,0.00012398056046906728,0.004067212,0.0,0.017931575346759036,0.09588419,1.0,0.8864548051772154,0.38503736,1.0
98,0.16503998386862118,0.23991187,1.0,0.6836565296089216,0.7007849,1.0,0.09501615180800682,0.58447915,1.0,0.6098191058992628,0.6524044,1.0,5.301426577150887,5.0060487,1.0,56.91291774554309,61.73311,1.0,0.015387163952381693,0.12557675,1.0,0.0005665367240689032,0.0020577179,1.0,1.0128199190785774,1.3630856,1.0,0.200099971923195,0.19417097,1.0
99,0.7625542534867485,0.59241384,1.0,0.8694699364123772,0.66303486,1.0,0.5562543580345233,0.5236476,1.0,0.7238035188454128,0.72663087,1.0,10.678437905785902,10.669275,1.0,11.734432828958433,27.03784,1.0,0.02010624874364035,0.09473218,1.0,0.0014446801303718854,0.0050113015,1.0,0.01031983573891013,0.080554366,0.0,0.015282616095570337,0.39507732,1.0
100,0.7458706421748349,0.38682485,0.0,0.713496624040335,0.82003766,1.0,0.18175912989190712,0.5003568,1.0,0.5957682670993918,0.72909695,1.0,15.545909453774087,15.544065,1.0,87.08524340809072,41.384205,0.0,0.20469897895494715,0.098642945,1.0,0.013649003404881607,0.024130547,1.0,0.25643624869233783,0.15930347,1.0,1.0240449611446196,0.3652141,1.0
101,0.9569209121076033,0.56139654,0.0,0.9845534522207176,0.7053313,0.0,0.29286526583523476,0.49614727,1.0,0.6040635287622302,0.7593838,1.0,4.385215079538215,4.3836083,1.0,81.69436551779769,79.34728,1.0,0.012818709739139069,0.642769,0.0,0.045895286675557555,0.04058756,1.0,0.054600348339624016,0.082485154,1.0,0.08889487331307629,0.42518663,1.0
102,0.010078276082395088,0.6251826,0.0,0.5251686908602429,0.6555785,1.0,0.6378623883700986,0.50792813,1.0,0.7218890846828421,0.7425072,1.0,11.94806887871161,11.942211,1.0,14.53328425163171,30.464172,1.0,0.16616523783097223,0.105339184,1.0,0.025923668109809245,0.019049987,1.0,0.21453032248810674,0.19846745,1.0,0.03956457553587557,0.428518,1.0
103,0.38530643792190744,0.57176924,1.0,0.6731352610097526,0.71107996,1.0,0.1613748474962402,0.5271079,1.0,0.5220741317964335,0.72743773,1.0,6.381586670379258,6.3949747,1.0,33.8464831838203,51.82364,1.0,0.05848361257113966,0.24552698,1.0,0.04368137824437158,0.02743678,1.0,0.03452550575877169,0.101777494,1.0,0.7890381494023319,0.4034072,1.0
104,0.9209095933893987,0.9432112,1.0,0.7012533064211932,0.8335096,1.0,0.1046276485025508,0.1155533,1.0,0.9254744639260588,0.89598554,1.0,9.547203669788672,9.665729,1.0,92.75468856217174,43.494446,0.0,0.10949235082794184,0.49324232,1.0,0.0014692185899697109,0.0039026146,1.0,0.8901269134388694,1.004474,1.0,0.7827010996635446,0.5260752,1.0
105,0.8553095478234327,0.8410238,1.0,0.5838749989665342,0.6266302,1.0,0.4528654558864017,0.5869629,1.0,0.9649352285635802,0.89645505,1.0,6.4080483925045115,6.3721685,1.0,55.63286250731393,71.34518,1.0,1.233576973556179,1.4044781,1.0,0.0003133113585097353,0.0003323418,1.0,1.8730015675291452,64.34855,0.0,0.5728111114512546,0.1865787,0.0
106,0.5401458622989095,0.44002044,1.0,0.7622917547862276,0.7938103,1.0,0.16850977886534335,0.5043911,1.0,0.7361061540356604,0.7430252,1.0,11.883565107919644,11.872667,1.0,45.04851722632012,33.11041,1.0,0.1164965820058937,0.062860265,1.0,0.010969748489852188,0.019257123,1.0,0.06873006354201995,0.18222326,1.0,0.01832773580559572,0.35980442,1.0
107,0.6801826576134915,0.43623847,1.0,0.6951806115570476,0.79946274,1.0,0.24911659167695888,0.52185047,1.0,0.952974682318198,0.7256941,1.0,7.583792850720391,7.583744,1.0,27.748229418095878,33.905445,1.0,0.1339120872156996,0.13835613,1.0,0.007613319570728094,0.003370813,1.0,0.3094369405690815,0.11615085,1.0,0.015614999295482134,4386.9043,1.0
108,0.4822759837782781,0.525281,1.0,0.8483652507493573,0.90656424,1.0,0.14093890019651,0.6635587,1.0,0.5472600458310612,0.5922108,1.0,12.731796942047293,12.720725,1.0,51.95450195033456,41.549133,1.0,0.335694887877747,0.7006242,1.0,0.0004919062063070676,0.0011219092,1.0,0.39798427641115297,0.5254392,1.0,0.9675301472183273,0.39649346,1.0
109,0.7489182020673825,0.6421101,1.0,0.526015745730877,0.5502235,1.0,0.43185072649743594,0.34299266,1.0,0.7632142420847707,0.76551247,1.0,8.278404790227569,7.8078685,1.0,89.9688376945362,53.977867,1.0,0.7331866847930681,1.1837971,1.0,0.0026863906841055117,0.0029177552,1.0,0.01858116214321915,0.037651986,1.0,0.15352138163002,0.5033782,1.0
110,0.4779727350630266,0.5482939,1.0,0.9928059187331506,0.74360317,0.0,0.9620104663572995,0.6515045,0.0,0.8719798910544811,0.7351442,1.0,5.185932359180092,5.1897225,1.0,36.00201055954487,32.892155,1.0,0.34128903449990083,0.49697095,1.0,0.0005197641406778035,0.0015533195,1.0,0.01157165004936506,0.064846635,1.0,0.15571146060729787,0.48556823,1.0
111,0.8371406796257903,0.6134154,1.0,0.5497622276204761,0.64260316,1.0,0.6203224776086325,0.519261,1.0,0.5491679600965527,0.7727166,1.0,15.696716942424077,15.726926,1.0,34.17767408774646,41.779007,1.0,0.017382873386406834,0.091679916,1.0,0.005277103429509556,0.007855655,1.0,1.6169578553527961,0.7431534,1.0,0.6509761890766074,171085.22,1.0
112,0.08620943920057822,0.44450337,1.0,0.9749741173893414,0.8060892,1.0,0.47258252982978455,0.45695335,1.0,0.658377148152173,0.6375072,1.0,8.18981614474449,8.30274,0.0,57.25776805579561,45.23723,1.0,0.7001240924515172,1.0333115,1.0,0.0016904629510610986,0.0027236766,1.0,0.017326726104749807,0.06882416,1.0,0.5454514183626032,0.5141892,1.0
113,0.8876330345704996,0.7832117,1.0,0.7797783876742629,0.7159568,1.0,0.850177562380963,0.82309896,1.0,0.7548881903794369,0.83505094,1.0,6.126457625619572,5.0655127,1.0,15.602843395696883,46.713634,0.0,1.4982008679857906,0.7921145,1.0,0.00012233994808343303,0.00064814114,1.0,0.9656580480119233,0.8571371,1.0,0.22471039936932344,0.29728034,1.0
114,0.35767741263948605,0.61356944,1.0,0.6950505174943049,0.6599899,1.0,0.029860583469432433,0.501068,0.0,0.5538838489888325,0.73543286,1.0,14.974114830153487,14.97503,1.0,12.720980182421897,27.301788,1.0,0.012321740925888894,0.08039,1.0,0.013161821672520726,0.0037242726,0.0,0.015234039658684967,0.07671565,1.0,0.17540544301891972,0.41592422,1.0
115,0.4577124555811555,0.74987006,0.0,0.5938507208096289,0.6470139,1.0,0.5508384506118882,0.5000803,1.0,0.9421561618183951,0.7159235,0.0,8.56389065068012,8.596173,1.0,22.32137877828108,26.215626,1.0,0.07850164760363001,0.12554288,1.0,0.0004517589111980808,0.0008490617,1.0,0.5627612787384935,0.68892896,1.0,0.02466788831448441,0.031280197,1.0
116,0.17188589661067555,0.44686326,1.0,0.8262323410824471,0.90977967,1.0,0.07827026208414556,0.07422013,1.0,0.8282185480340396,0.8261538,1.0,12.683548814455651,11.543533,1.0,74.70822121727208,55.228138,1.0,0.7075838839012731,1.1617144,1.0,0.00011747982308272828,0.00024012351,1.0,0.9520545973203989,1.0966223,1.0,0.011647338495023571,0.23658444,0.0
117,0.4276273371399366,0.5848623,1.0,0.6435758643043983,0.6686712,1.0,0.09557638821075609,0.12149197,1.0,0.9624991152607578,0.9210493,1.0,10.055247610682578,10.030946,1.0,31.06206512542547,31.211174,1.0,0.3351732020293853,0.5482565,1.0,0.0024514307989623257,0.0060975756,1.0,0.010922872357699438,0.08145242,1.0,0.129736674619718,0.34167865,1.0
118,0.6304019607920768,0.5101376,1.0,0.7456144467723962,0.7558203,1.0,0.0968165407003434,0.49545115,1.0,0.6839143235758693,0.7306373,1.0,13.872330646131697,13.870115,1.0,34.602264248342415,49.10556,1.0,0.011284197386358184,0.18238653,0.0,0.025930185610032144,0.027132036,1.0,0.05863394215268228,0.1268959,1.0,0.04253021144140742,0.3718313,1.0
119,0.6673660225451722,0.3471,0.0,0.9166076630789315,0.84447145,1.0,0.4230184201914722,0.4982733,1.0,0.9201414572210853,0.74334663,1.0,11.049551381560878,11.07047,1.0,41.12172960203422,33.41913,1.0,0.08247037145817095,0.21652886,1.0,0.00048225822675691273,0.0017729689,1.0,0.29582517627801486,0.5175256,1.0,0.02295782709132094,0.4063346,1.0
120,0.1623713653742056,0.602047,1.0,0.5354320124140259,0.62218153,1.0,0.3703089291000834,0.33019838,1.0,0.7958731739336891,0.8064341,1.0,5.655080622529782,5.6816835,1.0,24.66012519770218,34.49393,1.0,0.48153774723700027,0.43650475,1.0,0.0007432384289493017,0.00070699275,1.0,0.099317424152325,0.22327068,1.0,0.10647681185282631,0.5145072,1.0
121,0.5365364812724019,0.4072364,1.0,0.8478352936783715,0.8434243,1.0,0.23804330563632825,0.24482203,1.0,0.7988509501821766,0.8338258,1.0,4.618793780557488,6.280329,0.0,85.24471977402789,48.28045,1.0,0.5887463312309159,0.9793085,1.0,0.001184429167574879,0.0020688411,1.0,0.022899404691311787,0.08174041,0.0,0.024499524498918134,0.3083867,1.0
122,0.11285347547180646,0.20007968,1.0,0.8622727560434416,0.8999043,1.0,0.9292155507091737,0.55175793,1.0,0.8552037000870794,0.68315053,1.0,11.79840165896388,11.797693,1.0,14.009987901143003,35.195236,1.0,0.061844845342062194,0.11107573,1.0,0.00015632283762563704,0.0026712914,1.0,0.9892870694303045,0.77448183,1.0,0.07588737208788751,38727.055,1.0
123,0.8537210662707745,0.8184825,1.0,0.7002764683652862,0.74790025,1.0,0.6202198780424335,0.5355036,1.0,0.9510924766345299,0.93237245,1.0,11.531200569475883,12.008332,1.0,95.78555877524556,83.97376,1.0,1.8875072129114912,1.6847461,1.0,0.0006252379740299135,0.0002445679,0.0,0.43199908782384244,1.2172352,1.0,0.11036012759330549,0.1769544,1.0
124,0.29412692783035355,0.56307006,1.0,0.8010871324870479,0.7031229,1.0,0.9703492416254831,0.5133332,0.0,0.5929104949329174,0.7280066,1.0,6.58337644382396,6.5982895,1.0,10.835706180208314,26.57984,1.0,0.07064362955435315,0.0657309,1.0,0.0027727055653277368,0.0022125232,1.0,0.03914975479692531,0.086898364,1.0,1.7801460946758494,0.40737787,0.0
125,0.023400786496317827,0.5849543,0.0,0.7264875712581317,0.67033607,1.0,0.12710923011115693,0.5269258,1.0,0.7956818635754119,0.7301757,1.0,9.374562753223914,9.360143,1.0,28.1986863098392,27.951519,1.0,0.11321233709666692,0.14680833,1.0,0.002797106738461004,0.0064710705,1.0,0.015645223204508125,0.07535771,1.0,0.9657496412566212,0.4136524,1.0
126,0.0767424162710515,0.514185,1.0,0.9605806687375952,0.72597414,0.0,0.9968797527252734,0.5403426,0.0,0.5733454615514098,0.7317405,1.0,11.761565850986736,11.740355,1.0,12.146028955497925,31.317047,1.0,0.011069906079156916,0.2980463,0.0,0.001116832191806665,0.008987697,0.0,0.013234342086015849,0.09364361,1.0,1.2507418649726578,0.37373245,1.0
127,0.6654132514493636,0.51150715,1.0,0.8383927690947925,0.7291854,1.0,0.28020494343315305,0.49585456,1.0,0.6350204199229309,0.7287366,1.0,9.802699378798694,9.789901,1.0,19.105871378005762,31.062466,1.0,0.38608615009817215,0.13236524,1.0,0.018825452218387446,0.016308524,1.0,0.0896125135838473,0.116712384,1.0,1.0123343824340378,135.75543,1.0
128,0.6847713145865582,0.44889745,1.0,0.7916630171119807,0.88811356,1.0,0.4492439197912005,0.4425948,1.0,0.6547280733032219,0.79835975,1.0,5.593748074756958,5.481052,1.0,84.20379182751296,89.16193,1.0,1.8538396133429988,1.7245972,1.0,0.00010903597260109068,0.00024303119,1.0,1.3901622422878186,184.88094,1.0,0.04977241786250149,0.07198129,1.0
129,0.6085906054287828,0.49554884,1.0,0.9248613022146022,0.89722663,1.0,0.3177540381708428,0.47856024,1.0,0.5257982869491565,0.7424824,1.0,10.622697213780853,10.602651,1.0,54.427985197620174,36.6793,1.0,0.03187283724666688,0.102659285,1.0,0.0033329968816303863,0.0071796724,1.0,0.1216535299929328,0.27835086,1.0,0.08957839633237187,0.3890887,1.0
130,0.8112273281592859,0.62155044,1.0,0.6033198073349807,0.64288515,1.0,0.9504691164147165,0.5217915,1.0,0.9050288219142435,0.7336276,1.0,5.5649056442339955,5.579409,1.0,28.476475083391982,34.110096,1.0,0.038975139852256986,0.37394598,1.0,0.022649069229857825,0.024660364,1.0,0.010351471434706104,0.08513211,0.0,0.04365104047601307,0.39426056,1.0
131,0.7413354270208837,0.6930314,1.0,0.7606277171420095,0.7768169,1.0,0.5685155577474956,0.48377857,1.0,0.7541543502406842,0.7208334,1.0,8.14945482641652,7.316467,1.0,97.72631222039458,60.67501,0.0,0.05270079151061477,0.07044542,1.0,0.0037003634011460946,15.010236,1.0,0.8210290311578426,1.3786305,1.0,0.01097710802901338,0.04148338,0.0
132,0.686105318262879,0.7072421,1.0,0.9531548423419784,0.9816034,0.0,0.8511091238323476,0.44173604,1.0,0.85570149758396,0.7968922,1.0,8.568196072162634,8.590701,1.0,25.439618929882943,69.643265,0.0,0.12933185207791095,0.22433011,1.0,0.04501911712711217,0.03435003,1.0,1.474261573740306,1.3698616,1.0,0.014073187444767824,0.3288761,1.0
133,0.24039364676069952,0.30703056,1.0,0.7824112448271928,0.7686338,1.0,0.7150098485983575,0.54326725,1.0,0.5316155513537091,0.6932904,1.0,8.985436687240195,8.994178,1.0,20.89066307670043,32.94612,1.0,0.1639752287994602,0.09118967,1.0,0.0001472710928368709,0.0029975784,1.0,0.2092717049180936,0.31298524,1.0,0.42062872049004385,0.38531387,1.0
134,0.04151301704954535,0.5398726,0.0,0.5893168703435069,0.6571827,0.0,0.24432176760472302,0.15764129,1.0,0.9023782221238749,0.8437762,1.0,8.760355045960777,6.9887433,0.0,82.38834697562957,43.12324,1.0,0.39081746429126846,0.9417253,1.0,0.00021037949680727494,0.00035674174,1.0,0.19792478005120698,0.8966279,0.0,0.020087850097273062,0.17216058,1.0
135,0.38441736478956623,0.33148587,1.0,0.954420730827496,0.8733064,1.0,0.19282802077219496,0.17798655,1.0,0.903401351391129,0.9013333,1.0,14.96914104478477,14.971206,1.0,46.754087376496166,46.51145,1.0,0.12794557601623377,0.63284135,0.0,0.0004205986294436427,0.0076174983,0.0,0.03771328526633721,0.106492765,1.0,0.022335068198984755,0.40464634,1.0
136,0.7872257617668668,0.60423267,1.0,0.7225117351861652,0.7342063,1.0,0.5911409047477775,0.7204667,1.0,0.5130378790577597,0.58467007,1.0,9.119809819957817,9.113535,1.0,27.174570729710982,32.32358,1.0,0.8811193299396535,1.0301478,1.0,0.0015165359849682158,0.00045852238,0.0,0.07534428809692978,0.13976696,1.0,0.01291173689078404,0.4120886,0.0
137,0.7581904921771319,0.63973993,1.0,0.5080619026217993,0.5147498,1.0,0.894095865294808,0.58817124,1.0,0.9389756593486807,0.729565,1.0,7.703607500489527,8.051773,1.0,14.639987224666005,52.73105,1.0,0.021828378503238523,0.24803886,1.0,0.0003406321556623285,9.336091,1.0,1.8302753406688095,1.0237101,0.0,0.17430482329437577,0.09977792,1.0
138,0.4199963974893762,0.31861424,1.0,0.9430706757224101,0.91825926,1.0,0.9049802508158759,0.551997,1.0,0.7164763671608196,0.7391427,1.0,4.577900531127289,4.5985928,1.0,69.96235023304843,34.508167,1.0,0.02201980891604974,0.17514531,1.0,0.00010055463203386291,0.0023908163,0.0,0.17503473210705256,0.4829288,1.0,0.037829184383649773,0.372844,1.0
139,0.19139347685498087,0.27898076,1.0,0.7872947820166221,0.81974596,1.0,0.9289894959069254,0.48176032,0.0,0.7395524700076701,0.7317903,1.0,8.146358209136116,8.136249,1.0,10.871227288095145,33.95819,0.0,0.12852320822002838,0.19308658,1.0,0.004261583077281053,0.00187485,1.0,0.8575146068781867,0.26426288,0.0,0.012081633794327576,0.32942864,0.0
140,0.9873244474245378,0.6594882,1.0,0.7140370496353736,0.6037246,1.0,0.9197949489194227,0.5345782,1.0,0.9013527221172442,0.7843254,1.0,10.352397669249562,10.354386,1.0,49.587809623853346,41.43085,1.0,0.020594007474601935,0.058335356,1.0,0.022848004266876942,0.009976321,1.0,0.9462008489711566,0.74446034,1.0,0.07817198755070592,0.53187156,1.0
141,0.14449272252440293,0.22065882,1.0,0.7643735688174829,0.7699897,1.0,0.5451821919128303,0.5754751,1.0,0.6283561639067232,0.68210596,1.0,15.850331685254282,15.850911,1.0,75.45242318515191,35.542618,1.0,0.06228917061211474,0.27007598,1.0,0.000642060889028353,0.007624415,1.0,0.12962036157503143,0.50924957,1.0,1.2372614928369206,0.35307038,1.0
142,0.5838744149793117,0.5226699,1.0,0.8636637508315819,0.7413927,1.0,0.19441696258052943,0.48332262,1.0,0.8300569196390035,0.8027231,1.0,12.671412857860231,12.651058,1.0,22.969213078878422,51.693577,1.0,0.1439196210978732,0.5821625,1.0,0.0013051230964682874,0.006657997,0.0,0.0343363110024453,0.09476369,1.0,0.10269124257329418,0.4024262,1.0
143,0.8189607795719431,0.7684895,1.0,0.7922346531166289,0.76210874,1.0,0.48770750349625236,0.48291838,1.0,0.6101819966794435,0.7053407,1.0,6.483217387123842,6.0680184,1.0,16.3519605164172,40.275734,1.0,0.0181562609603232,0.18742184,1.0,0.0006780672863687839,0.000971336,1.0,1.9716693967069494,1.0856843,0.0,0.05417400648482796,0.09214775,1.0
144,0.596931422431613,0.5824416,1.0,0.5883398717897154,0.67371136,1.0,0.3254002157550958,0.53309256,1.0,0.5851757072559978,0.73752993,1.0,8.037165592211267,8.043375,1.0,10.295205962025129,27.070726,0.0,0.2178205443197214,0.08239519,1.0,0.009919450460256716,0.0053780475,1.0,0.23383091115906865,0.08340161,1.0,0.020376383480299645,0.87426794,1.0
145,0.029012648700364574,0.4659904,0.0,0.7246462150732174,0.74686426,1.0,0.15516627197666888,0.6375919,1.0,0.5191046069525365,0.56764317,1.0,6.64586195375332,6.6568193,1.0,56.514924485841895,45.67041,1.0,0.648291846341239,0.9629576,1.0,0.0003420440302391788,0.0005922627,1.0,0.017847819155069646,0.046939325,1.0,1.0156762006304003,0.8240176,1.0
146,0.480623779450292,0.58531475,1.0,0.7861992089930888,0.80855244,1.0,0.3710012953245093,0.58200645,1.0,0.542916733297051,0.6860206,1.0,13.096076565646321,13.077137,1.0,14.386992097103978,32.175827,1.0,0.7274877990735859,0.29566845,1.0,0.0009991517492583763,0.0010576717,1.0,0.507955059589668,0.5577865,1.0,0.022389671897945607,0.4447223,1.0
147,0.3129360410108297,0.09247541,0.0,0.7726418087566982,0.7089393,0.0,0.10083281386972742,0.5491191,1.0,0.6475154765003617,0.6659705,1.0,14.523067746466463,14.574004,1.0,63.15980120286279,62.765064,1.0,0.4552644930732646,0.20105852,1.0,0.0026545639091633457,0.0011980577,1.0,0.2899209308676602,0.8726459,1.0,1.5666542182487335,55945.594,1.0
148,0.8175639841103964,0.7176831,1.0,0.8705010687843435,0.86485314,1.0,0.0305385082564521,0.46922028,0.0,0.8255347277731593,0.8154686,1.0,15.026283590881796,14.784391,1.0,31.684351980437537,62.2038,1.0,0.02235736205325202,0.04542618,1.0,0.0006666001777928996,0.0015072948,1.0,1.2389374606518226,1.3357706,1.0,1.1183209849689715,76.98178,1.0
149,0.7529544442882312,0.5398386,1.0,0.6393354275427111,0.73297936,1.0,0.25657768529109126,0.24698652,1.0,0.9767768290443419,0.930334,1.0,10.660251805569722,10.696012,1.0,55.77274880235062,33.313156,1.0,0.32923064831444104,0.7131107,1.0,0.00036587112798148027,0.0011946814,1.0,0.011384103455300713,0.051432423,1.0,0.0706785912668505,0.44573346,1.0
150,0.043606487214352896,0.18403064,1.0,0.9559132638781631,0.90280783,1.0,0.6756794196136787,0.5969994,1.0,0.8117240535110611,0.7173595,1.0,12.207415372623464,12.217484,1.0,70.56790439084656,42.207508,1.0,0.09006310623964835,0.5906689,1.0,0.0007267371778979127,0.010603811,1.0,0.07096863620732285,0.3856316,1.0,0.013633744435939713,0.4101097,0.0
151,0.07368344465103771,0.5668121,1.0,0.7060477846329063,0.6959095,1.0,0.20886615413644682,0.510946,1.0,0.5774228823576624,0.7290941,1.0,12.37336318088429,12.366646,1.0,62.969820192386884,64.25514,1.0,0.032291254672615656,0.22384547,1.0,0.03222054038653513,0.03199583,1.0,0.01066441676437827,0.10853197,0.0,0.8586246289639898,0.39138258,1.0
152,0.13224051631837452,0.57535046,1.0,0.7010308225986228,0.69851553,1.0,0.9661715387687105,0.5259254,0.0,0.9230281719917122,0.7429175,1.0,12.59050160674097,12.579499,1.0,38.936285803396764,31.505323,1.0,0.05267637806114057,0.3273383,1.0,0.019271078847089916,0.015829755,1.0,0.07498939363828479,0.10162186,1.0,0.6784507960563358,0.40380612,1.0
153,0.42743405983618976,0.30334175,1.0,0.6675642099841937,0.6814176,1.0,0.7214825640060508,0.53590053,1.0,0.7195647608657976,0.69476247,1.0,12.041159176776242,12.080376,1.0,66.41683068343286,30.870329,1.0,0.04138314607974165,0.08246277,1.0,0.0007656040376483595,0.0012017629,1.0,0.23252501277271934,0.5371176,1.0,1.041381258211864,0.5254087,1.0
154,0.5694897409206644,0.62018853,1.0,0.5862493195913283,0.6586532,1.0,0.7822179481124524,0.5150488,1.0,0.5260356455684145,0.7334524,1.0,12.809786576703328,12.794941,1.0,82.7064209600916,36.43519,0.0,0.02878626351638869,0.22839843,1.0,0.012314415766198199,0.026560184,1.0,0.01924306145703638,0.119123295,1.0,0.053761025049060225,0.40918696,1.0
155,0.458083185954408,0.6124047,1.0,0.5637712242523703,0.6881127,1.0,0.6261402972314017,0.58100885,1.0,0.9083821945590225,0.8458836,1.0,9.012682785807485,9.031133,1.0,45.74020655352018,52.767956,1.0,0.8629369457075621,0.885561,1.0,0.00934435591527258,0.006733928,1.0,0.23716111538586065,0.08121177,1.0,0.4023602139432447,0.4175588,1.0
156,0.6602377393797045,0.5312241,1.0,0.5284373745563042,0.5310994,1.0,0.012199282632470387,0.43635687,0.0,0.7598698313063739,0.85405165,1.0,6.35020357492713,6.692558,1.0,58.89298766553371,51.794052,1.0,0.015690285017153846,0.039509214,1.0,0.002630191376635868,0.001979966,1.0,1.7941183431871548,1.4660561,1.0,0.01324305448027803,0.059912123,1.0
157,0.7125353728703762,0.58183885,1.0,0.5073334571391493,0.6669906,0.0,0.7707711747830706,0.5135858,1.0,0.6450288247888103,0.73009545,1.0,15.926090759764254,15.926425,1.0,23.22255103789694,28.742643,1.0,0.03999669207144997,0.15688722,1.0,0.010868352175239073,0.018641243,1.0,0.28748369273093655,0.12847689,1.0,0.07255660080733389,0.42428166,1.0
158,0.5148583365493681,0.45792884,1.0,0.8836072464850635,0.87458193,1.0,0.4485301782832445,0.4643109,1.0,0.944516924961546,0.9640123,1.0,14.70970111091652,14.597339,1.0,11.72221105555279,46.204407,0.0,1.184297533449767,0.7392626,1.0,0.0007311705111306304,0.0022965365,1.0,1.1627070950681964,0.34295747,0.0,0.375947233892973,0.4395557,1.0
159,0.7692452451992793,0.4143292,1.0,0.6071341767132863,0.60860145,1.0,0.42124694340770796,0.5148767,1.0,0.9447108360824689,0.90481997,1.0,11.542489211971425,10.652325,1.0,41.67369642671073,75.75054,0.0,1.6614543260414851,1.3271047,1.0,0.00014116076286342064,0.00061047066,1.0,0.6906246476693624,0.44723997,1.0,1.850150247447191,0.8392553,0.0
160,0.37540911546370603,0.56517965,1.0,0.7594289660155726,0.69816846,1.0,0.2723345006003992,0.51481164,1.0,0.93831661882008,0.72896266,1.0,13.16445456345911,13.159103,1.0,19.591861274573034,38.752357,1.0,0.08446761247983238,0.12562574,1.0,0.0380948673724044,0.026134009,1.0,0.04736301353053833,0.1461083,1.0,0.9573840520821444,0.39611018,1.0
161,0.5399368798579323,0.5952429,1.0,0.857221286919671,0.8918852,1.0,0.007861879262117788,0.47141755,0.0,0.8290997917118437,0.7576212,1.0,7.590098818962183,7.520387,1.0,87.23661642307718,43.656776,0.0,0.019775336207229755,0.08371245,1.0,0.0002841157958049437,0.0016350036,1.0,0.27638481818375826,1.0946513,0.0,0.7235549705913614,0.3893679,1.0
162,0.37399767776855075,0.45525727,1.0,0.821131001393044,0.76940715,1.0,0.6138569167106932,0.57811415,1.0,0.9385633122642782,0.69673574,1.0,7.978328970153541,7.9978437,1.0,14.704664789205305,35.93077,1.0,0.014881364274769658,0.3336746,0.0,0.004920005819068442,0.0048544775,1.0,0.12372049396002795,0.1488235,1.0,1.9757814556202815,219531.48,0.0
163,0.52881605568103,0.2939685,0.0,0.9901367969630863,0.979435,1.0,0.6390535669848051,0.51880276,1.0,0.699578712101997,0.7457236,1.0,13.309129664942738,13.321679,1.0,47.45771097477512,62.138,1.0,0.19449142725901875,0.17015725,1.0,0.027077462096634062,0.009235479,1.0,1.7676814636648164,0.71758306,0.0,0.055624406829232476,0.39627257,1.0
164,0.5305810220196985,0.4350314,1.0,0.8617031869635934,0.82357115,1.0,0.4820210815547634,0.58019704,1.0,0.9980904300497467,0.6874216,0.0,6.185074980488507,6.1993933,1.0,54.92968868728665,36.919773,1.0,0.03270553666586554,0.24400152,1.0,0.00032671096166315375,0.0036107248,1.0,0.04864707530805129,0.17357257,1.0,0.05815015560448009,130489.67,1.0
165,0.18117484629559855,0.63172835,1.0,0.8337150022817719,0.6478352,1.0,0.8427384348145727,0.50319886,1.0,0.7357889830659354,0.73870605,1.0,10.367589922486447,10.36636,1.0,38.698639731450214,46.765285,1.0,0.05930353887706603,0.16692087,1.0,0.01522507422444402,0.025655163,1.0,0.012026821735486179,0.1500607,1.0,0.17770147953804932,0.39748958,1.0
166,0.7500291016829636,0.5551165,1.0,0.7390717551291497,0.7565988,1.0,0.07960997634728562,0.12262252,1.0,0.7785091777529018,0.78951865,1.0,9.29502607635704,9.285782,1.0,19.928407924910505,34.88039,1.0,0.9198389130179542,0.8243975,1.0,0.0006168277589628153,0.0009837905,1.0,0.07311452352025904,0.056497127,1.0,0.0897066326408104,0.44181302,1.0
167,0.5896210829390741,0.4295065,0.0,0.9525940193705247,0.9314499,1.0,0.00711985586196906,0.42289087,0.0,0.7345338928053515,0.83409923,1.0,8.273643662519628,8.292492,1.0,65.67253348516445,59.24068,1.0,0.01796405613176387,0.05747207,1.0,0.002033170409916241,0.0049631903,1.0,0.5560625442996371,1.1576334,1.0,0.0868627265339613,0.40673852,1.0
168,0.14468761521169016,0.1521145,1.0,0.5947551595274398,0.5941112,1.0,0.07682624629972579,0.63105017,0.0,0.5221663442747599,0.6507325,1.0,4.014579510568327,4.137384,1.0,65.54847959619599,72.19269,1.0,0.5982269983493871,0.13114661,0.0,0.002355687757757984,0.0014667044,1.0,1.0458133969153143,1.1927334,1.0,0.7353731302964991,1.093645,1.0
169,0.04651883422001124,0.28625003,1.0,0.7612658758604502,0.8680813,0.0,0.9674265373921063,0.056989554,0.0,0.5288738647863109,0.73600924,0.0,11.32953545069951,11.842552,1.0,49.03024688058778,48.61836,1.0,1.9681464817698986,0.8847497,0.0,0.010081815999051807,0.0033160357,0.0,1.3859608879825087,0.66776717,1.0,0.03461540805826194,0.13461354,1.0
170,0.04024732179506285,0.62221414,0.0,0.6807651310660625,0.6428808,1.0,0.9330881625908242,0.5389127,1.0,0.5151616008407794,0.7300337,0.0,9.737792695076964,9.731346,1.0,37.88920630823606,40.08004,1.0,1.0979323439319408,0.3808656,1.0,0.01726256164310374,0.025936084,1.0,0.04730704987611313,0.103642896,1.0,0.48429026829535093,0.4001454,1.0
171,0.7461977204888866,0.45385736,1.0,0.7711965719905145,0.7594876,1.0,0.8964418127201158,0.50848335,1.0,0.7355025648668516,0.73376364,1.0,10.487479116003865,10.479638,1.0,77.92295633833108,30.741673,0.0,0.04704350965129655,0.10165175,1.0,0.0008491892523808108,0.0032120831,1.0,0.032767774202101654,0.10280546,1.0,0.8500698539445668,0.38878265,1.0
172,0.6377141629029777,0.57398874,1.0,0.562233240895694,0.67720705,1.0,0.5225972065964533,0.5035554,1.0,0.5333254675076995,0.7224656,1.0,10.772709250600723,10.764497,1.0,19.17305149547028,27.141981,1.0,0.405169013928852,0.06258248,0.0,0.014568141171915534,0.0035716495,0.0,0.8125251727691314,0.079906054,0.0,0.6684244478713656,0.41345266,1.0
173,0.1958561004960162,0.35461083,1.0,0.653873876771059,0.7273326,0.0,0.6651395459920766,0.4964828,1.0,0.8470438259472879,0.7832319,1.0,13.520439534838099,13.503577,1.0,30.20703890240497,29.063961,1.0,0.0827861290657853,0.095186725,1.0,0.00465500130400766,0.002737048,1.0,0.5630377489096551,0.52076954,1.0,0.9100724327846758,0.36164036,1.0
174,0.53802668846839,0.34866446,1.0,0.9499799477380059,0.8493777,1.0,0.8626732368104894,0.4983418,1.0,0.6476250780658075,0.7310211,1.0,12.991578924547323,12.997932,1.0,23.907426347034644,32.2816,1.0,0.09837058963092345,0.07850665,1.0,0.0021111069656029524,0.0054075755,1.0,0.07400143951622286,0.11853515,1.0,0.23623948419449586,0.39854902,1.0
175,0.5354197327062682,0.603455,1.0,0.8098614888918556,0.83401465,1.0,0.08888797607917542,0.17673379,1.0,0.755419103399099,0.85820615,1.0,13.027795841574205,11.445566,0.0,88.54053840268442,63.572327,1.0,0.13935755771220157,0.48141006,0.0,0.00037147110468348303,0.00078143313,1.0,1.0826445940462592,1.483287,1.0,0.01646724546888764,0.71830195,0.0
176,0.47016220119009666,0.59557444,1.0,0.7071187770006335,0.7003966,1.0,0.9590931712451055,0.5403268,1.0,0.5004445481352697,0.71484023,0.0,15.918679463417025,15.939978,1.0,31.604115156609378,28.427425,1.0,0.11024969716679513,0.16462585,1.0,0.0007720619423213103,0.0014380994,1.0,0.08866848885999361,0.16953239,1.0,0.11062147864569044,0.3994882,1.0
177,0.3807841219875905,0.42210987,1.0,0.6560991598273251,0.66905504,1.0,0.8421376117903525,0.5560573,1.0,0.7849696641065236,0.6896539,1.0,4.156205720726176,4.0875835,1.0,19.578533184355685,41.066345,1.0,0.0110681219585147,0.10780486,0.0,0.00012533403817650317,0.00075634086,1.0,1.6619166577802291,1.1207265,1.0,0.18600825300722448,0.0800531,1.0
178,0.6093813235196391,0.46276137,1.0,0.7200176208758213,0.7819828,1.0,0.9425113628736751,0.502077,1.0,0.7867376643073445,0.73615444,1.0,8.242663571889599,8.248918,1.0,50.34563643420553,31.14998,1.0,0.014669024078967,0.09109008,1.0,0.004152019162396797,0.0035871605,1.0,0.07784627725432995,0.07063603,1.0,0.06718598276690946,0.39453295,1.0
179,0.5099132186951228,0.5508748,1.0,0.5194975661066001,0.68707055,0.0,0.7298303267628288,0.5120744,1.0,0.5164947487455047,0.73738116,0.0,9.328659395940718,9.325395,1.0,40.53583272999695,31.169601,1.0,0.1459078966325771,0.09631365,1.0,0.00011657861711350401,0.0038030485,1.0,0.2929265639369037,0.31677005,1.0,0.1977724593872202,0.43152615,1.0
180,0.9116552628316361,0.6567602,1.0,0.5612158071451336,0.61534095,1.0,0.4890271094701236,0.4914331,1.0,0.6075810262323147,0.7275916,1.0,7.282600033982142,7.293841,1.0,33.18028894198171,43.564926,1.0,0.079028846208311,0.24705942,1.0,0.04427423645296844,0.028203588,1.0,0.5756096106378128,0.12511353,0.0,0.022111923164863354,0.42236555,1.0
181,0.9298578361127185,0.89598423,1.0,0.6334077437463106,0.689699,1.0,0.593945835421352,0.547063,1.0,0.5952313316245152,0.7289646,1.0,6.05014822118873,6.0618734,1.0,79.2178692759895,35.494144,1.0,0.027784588700033728,0.15115514,1.0,0.00019599017741435426,0.00085475715,1.0,0.24408573572920847,0.61959606,1.0,1.3281962427385041,0.5728636,1.0
182,0.9586682711947738,0.5931925,1.0,0.9676746179843267,0.68145156,0.0,0.6806988701425677,0.5118773,1.0,0.885066259840581,0.722632,1.0,8.282934854881919,8.283004,1.0,13.905564519761949,28.301031,1.0,0.014939624045988085,0.08344891,1.0,0.002081939987001346,0.0044679367,1.0,0.011231219246499264,0.07770832,1.0,0.6461970320922797,0.42311585,1.0
183,0.7325663332178344,0.46485662,1.0,0.7690122915050399,0.6662092,1.0,0.18806504174822858,0.5135042,1.0,0.8552447739142137,0.7280643,1.0,7.112883810973635,7.126743,1.0,30.8095880749702,34.917873,1.0,0.036878505092327964,0.07995062,1.0,0.00011758595587634531,0.0036312614,0.0,0.11411704273178469,0.41320732,1.0,0.4612679488263602,0.49632946,1.0
184,0.34736298892455797,0.48365742,1.0,0.9357593700936484,0.9373495,1.0,0.24214674644605017,0.40390772,1.0,0.9796492375098268,0.8336804,1.0,7.100485637478921,7.109789,1.0,15.710218377731383,56.33497,1.0,0.010160474205573571,0.061349582,0.0,0.000248905234586731,0.005070275,1.0,1.8625293160338077,1.1341821,1.0,0.3421106195299008,0.35032085,1.0
185,0.7299137737273621,0.40770823,1.0,0.8345346417452517,0.8274828,1.0,0.004806945500286042,0.5096085,0.0,0.9809163433676342,0.7389093,0.0,6.077610619045332,6.0904045,1.0,18.119051434015756,35.00946,1.0,0.17500708361905928,0.12747185,1.0,0.021693970268025067,0.01200613,1.0,0.27332477045044395,0.094042405,1.0,0.022204116313970675,0.42979467,1.0
186,0.1022174662359513,0.5813524,1.0,0.6372430700574123,0.6915068,1.0,0.23278391616880922,0.50861835,1.0,0.5347197127722556,0.7254091,1.0,7.862214242370257,7.8704143,1.0,27.439813996621115,33.36741,1.0,0.1415873694862685,0.24202868,1.0,0.023292274617807838,0.021957668,1.0,0.04191080856469443,0.10175038,1.0,0.1680568217141487,0.37685767,1.0
187,0.5873609226766917,0.5722335,1.0,0.9705765861467988,0.9155517,1.0,0.8766490099599278,0.8321389,1.0,0.9957128907058309,0.9712011,1.0,5.4266624195487685,5.663999,1.0,15.32046586390151,42.267776,1.0,1.2294803113772725,0.667411,1.0,0.000497125759438489,0.0009550591,1.0,1.8434774327788757,0.7378251,0.0,1.8303227368961417,0.34019208,0.0
188,0.41919943424909056,0.51035935,1.0,0.6123118815548816,0.69047594,1.0,0.6754674335456357,0.55535305,1.0,0.5734362882336761,0.68651277,1.0,10.79064199846814,10.801469,1.0,67.65537589566704,29.535488,1.0,0.055330762564347116,0.199942,1.0,0.00028607034040408267,0.0010347258,1.0,0.07304448688977448,0.19723056,1.0,0.042899962245478124,0.38327459,1.0
189,0.6708553094321372,0.70279783,1.0,0.8337089033976784,0.69811016,1.0,0.9425525986355603,0.7691753,0.0,0.6302906679705996,0.8049663,1.0,4.128362613814987,4.0275455,1.0,63.79337772695091,64.82799,1.0,1.0808748681955909,1.139919,1.0,0.0007281967190138777,0.0013132538,1.0,0.04105442955415589,0.6563108,0.0,0.015792254801165383,0.0753712,1.0
190,0.30742556506227225,0.19536695,1.0,0.941099664150829,0.9180015,1.0,0.6750071497480105,0.55066127,1.0,0.6167543059939091,0.7275042,1.0,14.575960245637134,14.567918,1.0,12.451323328212439,40.053326,0.0,0.062365282232474374,0.32984197,1.0,0.030784431290098984,0.012023052,1.0,0.5281823267234567,0.23453817,1.0,0.5500011583910522,0.39206943,1.0
191,0.7951493097728236,0.5935642,1.0,0.8298583252418914,0.6359904,1.0,0.4262152532764334,0.5356316,1.0,0.7121143083509822,0.7253682,1.0,10.798213729557363,10.783742,1.0,19.71742877647324,27.730682,1.0,0.04875762921392361,0.106480956,1.0,0.0041930676352215455,0.004134425,1.0,0.012771203030152679,0.07014917,1.0,0.010958123088902094,0.42108363,0.0
192,0.8127184927472747,0.5872537,1.0,0.9588002309098587,0.6461651,0.0,0.7493030706502491,0.5310391,1.0,0.9868532981198441,0.7813447,0.0,9.787163948447684,9.776798,1.0,10.972890902963869,27.731283,1.0,0.31021002348039506,0.15679315,1.0,0.001979724751075213,0.0011158173,1.0,0.02757223756119044,0.08932664,1.0,0.35132925311121466,0.43587598,1.0
193,0.6780605105407497,0.5952918,1.0,0.8916819623447862,0.8630727,1.0,0.9583199030129914,0.46866208,0.0,0.5149891323220093,0.75835586,1.0,8.885236758422867,8.84581,1.0,75.0216265905084,60.167896,1.0,0.08065165225194944,0.079909086,1.0,0.000765611296549256,0.0011500452,1.0,0.6727552763337141,1.1903865,1.0,0.016235644630903014,0.48038512,1.0
194,0.09243250109738754,0.30977172,1.0,0.8611771756223606,0.8610714,1.0,0.14487715577261395,0.49894866,1.0,0.7973200859470755,0.7332215,1.0,5.4227063627123275,5.4373336,1.0,22.53855839445264,79.190765,1.0,0.021817403432326615,0.105761185,1.0,0.0003364780267325212,0.008110301,0.0,0.055682301402736674,0.12190335,1.0,0.7963153420275821,0.38035128,1.0
195,0.20465433284128665,0.5703562,1.0,0.5551982393183397,0.66245896,1.0,0.10052863824628488,0.5512066,1.0,0.5089851973051509,0.7202712,0.0,9.751186240243813,9.743941,1.0,25.292501589614496,27.638845,1.0,0.07760780373479781,0.09236615,1.0,0.00012164069175274274,0.0020651922,0.0,0.04292518474601644,0.08088568,1.0,0.06182742489297882,0.40412623,1.0
196,0.165398769122722,0.6218861,1.0,0.6985814046626146,0.65423393,1.0,0.7877071187740209,0.51636875,1.0,0.879628410037957,0.7318772,1.0,11.489076911069205,11.473107,1.0,22.476239939210554,45.457268,1.0,0.010634790993900623,0.3230037,0.0,0.036729102160896795,0.024464672,1.0,0.02736440183229079,0.10033584,1.0,1.0812479819857528,0.4372495,1.0
197,0.6210231034678095,0.40038097,1.0,0.8085543487815705,0.8135507,1.0,0.6638985777514935,0.52508765,1.0,0.613272905494257,0.7375131,1.0,8.604121642953917,8.607673,1.0,26.60852335495072,38.151173,1.0,1.4613488848023641,1.1807649,0.0,0.017695005971785742,0.013154652,1.0,0.16763575904742964,0.11751319,1.0,0.08954211032890953,0.39364746,1.0
198,0.05891899063031725,0.24756818,1.0,0.8347645560564467,0.91127646,1.0,0.9672148865254119,0.48839492,0.0,0.9814255002489042,0.72992784,0.0,14.89804984930774,14.898767,1.0,18.865322333400094,35.516747,1.0,0.018172339403057566,0.091481276,1.0,0.014652785317444485,0.011491349,1.0,0.24748076356396584,0.2056801,1.0,0.3915097729456881,0.3729622,1.0
199,0.4981588998980041,0.41312262,1.0,0.8302518131953156,0.81381667,1.0,0.7520615147077558,0.54220235,1.0,0.519393452111488,0.7243832,1.0,9.049372970702212,9.055527,1.0,77.15635135607829,34.0734,1.0,0.035306970763870446,0.17209895,1.0,0.0007189514101387047,0.0039883694,1.0,0.01979107228436713,0.110271,1.0,0.9781683151855639,0.38246846,1.0
